Formula_ID,Notes,rHDPE (%),Virgin HDPE (%),Filler_1,F1_Content (%),F1_Supplier,F1_Functional Class,Filler_2,F2_Content (%),F2_Supplier,F2_Functional Class,Filler_3,F3_Content (%),F3_Supplier,F3_Functional Class,Additive_1,A1_Content (%),A1_Supplier,A1_Functional Class,Additive_2,A2_Content (%),A2_Supplier,A2_Functional Class,Additive_3,A3_Content (%),A3_Supplier,A3_Functional Class,Density (g/cc),Shore hardness (D),Melt Flow Index (g/10 min),Intrinsic Viscosity (dL/g),Tensile Strength (MPa),Young's Modulus (GPa),Elongation at Break (%),Impact Strength (kJ/m²),Haze (%),Crystallinity (%),Glass Transition Temp (°C),Melting Temp (°C),Degradation Temp (°C),OIT @200°C (min),WVTR (g/m²/day),OTR (cc/m²/day),Shrinkage (ASTM D955) (%),FTIR Peak 1 (cm⁻¹),FTIR Peak 2 (cm⁻¹),Cost ($/kg),Cost ($/lb),CO2 Equivalent (kg CO2/kg),kg produced annually,Processing Recommendations,F1_Safety,F2_Safety,F3_Safety,A1_Safety,A2_Safety,A3_Safety,Safety Summary
rHDPE_0001,Generated,77.399,22.38,,0.0,,,,0.0,,,,0.0,,,Slip (Erucamide),0.15,Generic,slip,Irganox 1010,0.071,BASF,primary_antioxidant,,0.0,,,0.95051,69.3,10.1815,0.5319,25.159,1.059,1256.2,8.073,97.0,62.41,-122.7,130.4,369.7,17.5,0.35,250.0,2.241,2915,2848,1.206,0.547,0.808,"3,746,818,434","Compounding: 34–44 L/D twin‑screw, melt 180–210 °C, vacuum venting; 60–80 mesh melt filter; residence ≤3 min. rHDPE handling: screen for PVC; dry if odor/moisture present (70–80 °C, 1–2 h). Injection molding: melt 190–220 °C; mold 20–40 °C; moderate pack/hold; expect 1.2–2.8% shrink (flow).",,,,May bloom; slippery surfaces.,Phenolic AO; low volatility; PPE for powders.,,Slip (Erucamide): May bloom; slippery surfaces. | Irganox 1010: Phenolic AO; low volatility; PPE for powders.
rHDPE_0002,Generated,61.299,30.426,Talc,8.125,Imerys,mineral_filler,,0.0,,,,0.0,,,Slip (Erucamide),0.15,Generic,slip,,0.0,,,,0.0,,,0.951,70.6,9.2897,0.5372,27.329,1.1038,1648.5,7.884,100.0,64.91,-118.7,131.3,375.7,15.4,0.3251,225.88,2.431,2915,2848,1.125,0.511,0.983,"246,153,846","Compounding: 34–44 L/D twin‑screw, melt 180–210 °C, vacuum venting; 60–80 mesh melt filter; residence ≤3 min. rHDPE handling: screen for PVC; dry if odor/moisture present (70–80 °C, 1–2 h). Injection molding: melt 190–220 °C; mold 20–40 °C; moderate pack/hold; expect 1.2–2.8% shrink (flow). Minerals/platelets: ensure dispersion; check die pressure; plate-like fillers improve barrier but reduce impact.",Mineral dust; PPE; choose low-impurity grades.,,,May bloom; slippery surfaces.,,,Talc: Mineral dust; PPE; choose low-impurity grades. | Slip (Erucamide): May bloom; slippery surfaces.
rHDPE_0003,Generated,77.189,19.321,Talc,3.252,Imerys,mineral_filler,,0.0,,,,0.0,,,Slip (Erucamide),0.15,Generic,slip,Irgafos 168,0.088,BASF,secondary_antioxidant,,0.0,,,0.95339,69.6,11.9128,0.528,30.156,1.1249,1408.7,8.0,96.8,62.86,-120.5,131.4,355.8,14.0,0.3401,240.25,2.262,2915,2848,1.178,0.534,0.879,"615,006,150","Compounding: 34–44 L/D twin‑screw, melt 180–210 °C, vacuum venting; 60–80 mesh melt filter; residence ≤3 min. rHDPE handling: screen for PVC; dry if odor/moisture present (70–80 °C, 1–2 h). Injection molding: melt 190–220 °C; mold 20–40 °C; moderate pack/hold; expect 1.2–2.8% shrink (flow). Minerals/platelets: ensure dispersion; check die pressure; plate-like fillers improve barrier but reduce impact.",Mineral dust; PPE; choose low-impurity grades.,,,May bloom; slippery surfaces.,Hydrolysis-sensitive; keep dry; PPE.,,Talc: Mineral dust; PPE; choose low-impurity grades. | Slip (Erucamide): May bloom; slippery surfaces. | Irgafos 168: Hydrolysis-sensitive; keep dry; PPE.
rHDPE_0004,Generated,58.879,22.224,Talc,18.657,Imerys,mineral_filler,,0.0,,,,0.0,,,Slip (Erucamide),0.15,Generic,slip,Irganox 1076,0.09,BASF,primary_antioxidant,,0.0,,,0.95397,66.6,9.1576,0.5307,29.795,1.3268,1545.7,7.604,96.3,57.94,-116.9,129.7,352.6,19.6,0.292,195.74,1.644,2915,2848,1.058,0.48,1.219,"107,198,371","Compounding: 34–44 L/D twin‑screw, melt 180–210 °C, vacuum venting; 60–80 mesh melt filter; residence ≤3 min. rHDPE handling: screen for PVC; dry if odor/moisture present (70–80 °C, 1–2 h). Injection molding: melt 190–220 °C; mold 20–40 °C; moderate pack/hold; expect 1.2–2.8% shrink (flow). Minerals/platelets: ensure dispersion; check die pressure; plate-like fillers improve barrier but reduce impact.",Mineral dust; PPE; choose low-impurity grades.,,,May bloom; slippery surfaces.,Avoid dust inhalation; food-contact grades available.,,Talc: Mineral dust; PPE; choose low-impurity grades. | Slip (Erucamide): May bloom; slippery surfaces. | Irganox 1076: Avoid dust inhalation; food-contact grades available.
rHDPE_0005,Generated,92.258,7.442,,0.0,,,,0.0,,,,0.0,,,Slip (Erucamide),0.15,Generic,slip,Irgafos 168,0.079,BASF,secondary_antioxidant,Irganox 1076,0.071,BASF,primary_antioxidant,0.95372,68.3,10.9881,0.5277,27.918,1.0428,1417.2,8.073,98.6,60.39,-114.2,128.6,367.3,18.4,0.35,250.0,2.039,2915,2848,1.219,0.553,0.811,"3,143,358,842","Compounding: 34–44 L/D twin‑screw, melt 180–210 °C, vacuum venting; 60–80 mesh melt filter; residence ≤3 min. rHDPE handling: screen for PVC; dry if odor/moisture present (70–80 °C, 1–2 h). Injection molding: melt 190–220 °C; mold 20–40 °C; moderate pack/hold; expect 1.2–2.8% shrink (flow).",,,,May bloom; slippery surfaces.,Hydrolysis-sensitive; keep dry; PPE.,Avoid dust inhalation; food-contact grades available.,Slip (Erucamide): May bloom; slippery surfaces. | Irgafos 168: Hydrolysis-sensitive; keep dry; PPE. | Irganox 1076: Avoid dust inhalation; food-contact grades available.
rHDPE_0006,Generated,78.847,20.874,,0.0,,,,0.0,,,,0.0,,,Slip (Erucamide),0.15,Generic,slip,Irganox 1076,0.129,BASF,primary_antioxidant,,0.0,,,0.95486,70.2,8.0459,0.5409,28.409,1.0721,1522.2,8.073,94.5,63.61,-121.1,130.6,353.9,14.8,0.35,250.0,2.361,2915,2848,1.214,0.551,0.811,"3,678,009,309","Compounding: 34–44 L/D twin‑screw, melt 180–210 °C, vacuum venting; 60–80 mesh melt filter; residence ≤3 min. rHDPE handling: screen for PVC; dry if odor/moisture present (70–80 °C, 1–2 h). Injection molding: melt 190–220 °C; mold 20–40 °C; moderate pack/hold; expect 1.2–2.8% shrink (flow).",,,,May bloom; slippery surfaces.,Avoid dust inhalation; food-contact grades available.,,Slip (Erucamide): May bloom; slippery surfaces. | Irganox 1076: Avoid dust inhalation; food-contact grades available.
rHDPE_0007,Generated,69.069,30.655,,0.0,,,,0.0,,,,0.0,,,Slip (Erucamide),0.15,Generic,slip,Irganox 1010,0.126,BASF,primary_antioxidant,,0.0,,,0.95053,68.7,11.3667,0.5276,25.995,1.0508,1424.3,8.073,96.0,61.25,-122.7,131.8,382.3,19.8,0.35,250.0,2.125,2915,2848,1.211,0.549,0.811,"4,198,699,851","Compounding: 34–44 L/D twin‑screw, melt 180–210 °C, vacuum venting; 60–80 mesh melt filter; residence ≤3 min. rHDPE handling: screen for PVC; dry if odor/moisture present (70–80 °C, 1–2 h). Injection molding: melt 190–220 °C; mold 20–40 °C; moderate pack/hold; expect 1.2–2.8% shrink (flow).",,,,May bloom; slippery surfaces.,Phenolic AO; low volatility; PPE for powders.,,Slip (Erucamide): May bloom; slippery surfaces. | Irganox 1010: Phenolic AO; low volatility; PPE for powders.
rHDPE_0008,Generated,61.155,34.486,Calcium Carbonate,3.97,Omya,mineral_filler,,0.0,,,,0.0,,,Slip (Erucamide),0.15,Generic,slip,Irgafos 168,0.239,BASF,secondary_antioxidant,,0.0,,,0.95251,65.7,11.0106,0.523,26.434,1.12,1472.3,8.038,92.1,55.74,-118.9,129.1,380.6,15.6,0.3425,244.98,1.545,2915,2848,1.468,0.666,0.901,"503,778,338","Compounding: 34–44 L/D twin‑screw, melt 180–210 °C, vacuum venting; 60–80 mesh melt filter; residence ≤3 min. rHDPE handling: screen for PVC; dry if odor/moisture present (70–80 °C, 1–2 h). Injection molding: melt 190–220 °C; mold 20–40 °C; moderate pack/hold; expect 1.2–2.8% shrink (flow). Minerals/platelets: ensure dispersion; check die pressure; plate-like fillers improve barrier but reduce impact.",Dust; food-contact grades available.,,,May bloom; slippery surfaces.,Hydrolysis-sensitive; keep dry; PPE.,,Calcium Carbonate: Dust; food-contact grades available. | Slip (Erucamide): May bloom; slippery surfaces. | Irgafos 168: Hydrolysis-sensitive; keep dry; PPE.
rHDPE_0009,Generated,74.122,25.548,,0.0,,,,0.0,,,,0.0,,,Slip (Erucamide),0.15,Generic,slip,Irgafos 168,0.18,BASF,secondary_antioxidant,,0.0,,,0.95219,68.2,8.484,0.5355,26.69,1.0225,1553.0,8.073,92.3,60.18,-122.5,128.9,352.5,17.5,0.35,250.0,2.018,2915,2848,1.209,0.548,0.812,"3,912,468,633","Compounding: 34–44 L/D twin‑screw, melt 180–210 °C, vacuum venting; 60–80 mesh melt filter; residence ≤3 min. rHDPE handling: screen for PVC; dry if odor/moisture present (70–80 °C, 1–2 h). Injection molding: melt 190–220 °C; mold 20–40 °C; moderate pack/hold; expect 1.2–2.8% shrink (flow).",,,,May bloom; slippery surfaces.,Hydrolysis-sensitive; keep dry; PPE.,,Slip (Erucamide): May bloom; slippery surfaces. | Irgafos 168: Hydrolysis-sensitive; keep dry; PPE.
rHDPE_0010,Generated,76.149,8.33,Calcium Carbonate,15.134,Omya,mineral_filler,,0.0,,,,0.0,,,Slip (Erucamide),0.15,Generic,slip,Irgafos 168,0.237,BASF,secondary_antioxidant,,0.0,,,0.9527,69.5,11.0967,0.5301,28.713,1.1883,1406.7,7.929,100.0,63.07,-120.8,129.9,375.8,18.3,0.3197,229.71,2.188,2915,2848,2.206,1.001,1.147,"132,152,769","Compounding: 34–44 L/D twin‑screw, melt 180–210 °C, vacuum venting; 60–80 mesh melt filter; residence ≤3 min. rHDPE handling: screen for PVC; dry if odor/moisture present (70–80 °C, 1–2 h). Injection molding: melt 190–220 °C; mold 20–40 °C; moderate pack/hold; expect 1.2–2.8% shrink (flow). Minerals/platelets: ensure dispersion; check die pressure; plate-like fillers improve barrier but reduce impact.",Dust; food-contact grades available.,,,May bloom; slippery surfaces.,Hydrolysis-sensitive; keep dry; PPE.,,Calcium Carbonate: Dust; food-contact grades available. | Slip (Erucamide): May bloom; slippery surfaces. | Irgafos 168: Hydrolysis-sensitive; keep dry; PPE.
rHDPE_0011,Generated,85.539,14.092,,0.0,,,,0.0,,,,0.0,,,Slip (Erucamide),0.15,Generic,slip,Irganox 1010,0.079,BASF,primary_antioxidant,Irgafos 168,0.14,BASF,secondary_antioxidant,0.95211,66.9,8.9992,0.5311,27.216,1.0923,1716.8,8.073,99.7,57.79,-119.1,128.2,385.0,19.8,0.35,250.0,1.779,2915,2848,1.224,0.555,0.814,"3,390,266,428","Compounding: 34–44 L/D twin‑screw, melt 180–210 °C, vacuum venting; 60–80 mesh melt filter; residence ≤3 min. rHDPE handling: screen for PVC; dry if odor/moisture present (70–80 °C, 1–2 h). Injection molding: melt 190–220 °C; mold 20–40 °C; moderate pack/hold; expect 1.2–2.8% shrink (flow).",,,,May bloom; slippery surfaces.,Phenolic AO; low volatility; PPE for powders.,Hydrolysis-sensitive; keep dry; PPE.,Slip (Erucamide): May bloom; slippery surfaces. | Irganox 1010: Phenolic AO; low volatility; PPE for powders. | Irgafos 168: Hydrolysis-sensitive; keep dry; PPE.
rHDPE_0012,Generated,82.778,16.997,,0.0,,,,0.0,,,,0.0,,,Slip (Erucamide),0.15,Generic,slip,Irganox 1010,0.075,BASF,primary_antioxidant,,0.0,,,0.95001,67.4,11.7061,0.5245,26.426,1.0785,1618.0,8.073,91.9,58.9,-117.7,131.1,373.2,15.1,0.35,250.0,1.89,2915,2848,1.21,0.549,0.808,"3,503,346,300","Compounding: 34–44 L/D twin‑screw, melt 180–210 °C, vacuum venting; 60–80 mesh melt filter; residence ≤3 min. rHDPE handling: screen for PVC; dry if odor/moisture present (70–80 °C, 1–2 h). Injection molding: melt 190–220 °C; mold 20–40 °C; moderate pack/hold; expect 1.2–2.8% shrink (flow).",,,,May bloom; slippery surfaces.,Phenolic AO; low volatility; PPE for powders.,,Slip (Erucamide): May bloom; slippery surfaces. | Irganox 1010: Phenolic AO; low volatility; PPE for powders.
rHDPE_0013,Generated,94.774,2.047,Talc,3.029,Imerys,mineral_filler,,0.0,,,,0.0,,,Slip (Erucamide),0.15,Generic,slip,,0.0,,,,0.0,,,0.953,68.1,11.3859,0.5265,30.582,1.05,1232.3,8.005,91.3,60.14,-123.1,130.4,373.7,12.4,0.3408,240.92,1.992,2915,2848,1.18,0.535,0.871,"660,283,922","Compounding: 34–44 L/D twin‑screw, melt 180–210 °C, vacuum venting; 60–80 mesh melt filter; residence ≤3 min. rHDPE handling: screen for PVC; dry if odor/moisture present (70–80 °C, 1–2 h). Injection molding: melt 190–220 °C; mold 20–40 °C; moderate pack/hold; expect 1.2–2.8% shrink (flow). Minerals/platelets: ensure dispersion; check die pressure; plate-like fillers improve barrier but reduce impact.",Mineral dust; PPE; choose low-impurity grades.,,,May bloom; slippery surfaces.,,,Talc: Mineral dust; PPE; choose low-impurity grades. | Slip (Erucamide): May bloom; slippery surfaces.
rHDPE_0014,Generated,78.059,21.678,,0.0,,,,0.0,,,,0.0,,,Slip (Erucamide),0.15,Generic,slip,Irgafos 168,0.113,BASF,secondary_antioxidant,,0.0,,,0.9513,69.0,9.2567,0.5341,25.654,1.0266,1587.3,8.073,96.2,61.7,-119.1,131.7,382.8,10.5,0.35,250.0,2.17,2915,2848,1.205,0.546,0.809,"3,715,138,549","Compounding: 34–44 L/D twin‑screw, melt 180–210 °C, vacuum venting; 60–80 mesh melt filter; residence ≤3 min. rHDPE handling: screen for PVC; dry if odor/moisture present (70–80 °C, 1–2 h). Injection molding: melt 190–220 °C; mold 20–40 °C; moderate pack/hold; expect 1.2–2.8% shrink (flow).",,,,May bloom; slippery surfaces.,Hydrolysis-sensitive; keep dry; PPE.,,Slip (Erucamide): May bloom; slippery surfaces. | Irgafos 168: Hydrolysis-sensitive; keep dry; PPE.
rHDPE_0015,Generated,73.946,3.499,Calcium Carbonate,22.223,Omya,mineral_filler,,0.0,,,,0.0,,,Slip (Erucamide),0.15,Generic,slip,Irganox 1076,0.182,BASF,primary_antioxidant,,0.0,,,0.95237,65.9,11.1269,0.5239,33.538,1.3454,1693.6,7.851,96.8,56.89,-118.1,128.0,379.0,13.6,0.3039,219.01,1.505,2915,2848,2.675,1.213,1.302,"89,996,850","Compounding: 34–44 L/D twin‑screw, melt 180–210 °C, vacuum venting; 60–80 mesh melt filter; residence ≤3 min. rHDPE handling: screen for PVC; dry if odor/moisture present (70–80 °C, 1–2 h). Injection molding: melt 190–220 °C; mold 20–40 °C; moderate pack/hold; expect 1.2–2.8% shrink (flow). Minerals/platelets: ensure dispersion; check die pressure; plate-like fillers improve barrier but reduce impact.",Dust; food-contact grades available.,,,May bloom; slippery surfaces.,Avoid dust inhalation; food-contact grades available.,,Calcium Carbonate: Dust; food-contact grades available. | Slip (Erucamide): May bloom; slippery surfaces. | Irganox 1076: Avoid dust inhalation; food-contact grades available.
rHDPE_0016,Generated,78.173,3.746,Calcium Carbonate,17.812,Omya,mineral_filler,,0.0,,,,0.0,,,Slip (Erucamide),0.15,Generic,slip,Irgafos 168,0.119,BASF,secondary_antioxidant,,0.0,,,0.95467,68.0,8.8763,0.5341,29.088,1.3083,1513.1,7.9,99.9,60.31,-116.3,128.2,362.0,11.8,0.3139,225.77,1.889,2915,2848,2.372,1.076,1.201,"112,283,854","Compounding: 34–44 L/D twin‑screw, melt 180–210 °C, vacuum venting; 60–80 mesh melt filter; residence ≤3 min. rHDPE handling: screen for PVC; dry if odor/moisture present (70–80 °C, 1–2 h). Injection molding: melt 190–220 °C; mold 20–40 °C; moderate pack/hold; expect 1.2–2.8% shrink (flow). Minerals/platelets: ensure dispersion; check die pressure; plate-like fillers improve barrier but reduce impact.",Dust; food-contact grades available.,,,May bloom; slippery surfaces.,Hydrolysis-sensitive; keep dry; PPE.,,Calcium Carbonate: Dust; food-contact grades available. | Slip (Erucamide): May bloom; slippery surfaces. | Irgafos 168: Hydrolysis-sensitive; keep dry; PPE.
rHDPE_0017,Generated,66.301,15.464,Calcium Carbonate,17.893,Omya,mineral_filler,,0.0,,,,0.0,,,Slip (Erucamide),0.15,Generic,slip,Irganox 1010,0.192,BASF,primary_antioxidant,,0.0,,,0.95115,65.3,9.3412,0.5277,31.29,1.2667,1172.5,7.9,93.7,55.6,-121.4,131.7,384.3,10.9,0.3137,225.65,1.417,2915,2848,2.393,1.085,1.208,"111,775,555","Compounding: 34–44 L/D twin‑screw, melt 180–210 °C, vacuum venting; 60–80 mesh melt filter; residence ≤3 min. rHDPE handling: screen for PVC; dry if odor/moisture present (70–80 °C, 1–2 h). Injection molding: melt 190–220 °C; mold 20–40 °C; moderate pack/hold; expect 1.2–2.8% shrink (flow). Minerals/platelets: ensure dispersion; check die pressure; plate-like fillers improve barrier but reduce impact.",Dust; food-contact grades available.,,,May bloom; slippery surfaces.,Phenolic AO; low volatility; PPE for powders.,,Calcium Carbonate: Dust; food-contact grades available. | Slip (Erucamide): May bloom; slippery surfaces. | Irganox 1010: Phenolic AO; low volatility; PPE for powders.
rHDPE_0018,Generated,57.573,19.596,Calcium Carbonate,22.273,Omya,mineral_filler,,0.0,,,,0.0,,,Slip (Erucamide),0.15,Generic,slip,Irganox 1010,0.196,BASF,primary_antioxidant,Irgafos 168,0.212,BASF,secondary_antioxidant,0.95065,69.1,9.157,0.5355,34.693,1.3747,1623.6,7.85,98.9,62.71,-116.9,129.1,378.0,12.6,0.3038,218.93,2.087,2915,2848,2.695,1.222,1.313,"89,794,819","Compounding: 34–44 L/D twin‑screw, melt 180–210 °C, vacuum venting; 60–80 mesh melt filter; residence ≤3 min. rHDPE handling: screen for PVC; dry if odor/moisture present (70–80 °C, 1–2 h). Injection molding: melt 190–220 °C; mold 20–40 °C; moderate pack/hold; expect 1.2–2.8% shrink (flow). Minerals/platelets: ensure dispersion; check die pressure; plate-like fillers improve barrier but reduce impact.",Dust; food-contact grades available.,,,May bloom; slippery surfaces.,Phenolic AO; low volatility; PPE for powders.,Hydrolysis-sensitive; keep dry; PPE.,Calcium Carbonate: Dust; food-contact grades available. | Slip (Erucamide): May bloom; slippery surfaces. | Irganox 1010: Phenolic AO; low volatility; PPE for powders. | Irgafos 168: Hydrolysis-sensitive; keep dry; PPE.
rHDPE_0019,Generated,78.101,7.785,Talc,13.881,Imerys,mineral_filler,,0.0,,,,0.0,,,Slip (Erucamide),0.15,Generic,slip,Irganox 1010,0.083,BASF,primary_antioxidant,,0.0,,,0.95237,66.9,8.1884,0.535,30.194,1.257,1411.5,7.736,99.2,58.33,-118.2,131.5,361.8,10.5,0.3071,209.25,1.725,2915,2848,1.105,0.501,1.114,"144,081,838","Compounding: 34–44 L/D twin‑screw, melt 180–210 °C, vacuum venting; 60–80 mesh melt filter; residence ≤3 min. rHDPE handling: screen for PVC; dry if odor/moisture present (70–80 °C, 1–2 h). Injection molding: melt 190–220 °C; mold 20–40 °C; moderate pack/hold; expect 1.2–2.8% shrink (flow). Minerals/platelets: ensure dispersion; check die pressure; plate-like fillers improve barrier but reduce impact.",Mineral dust; PPE; choose low-impurity grades.,,,May bloom; slippery surfaces.,Phenolic AO; low volatility; PPE for powders.,,Talc: Mineral dust; PPE; choose low-impurity grades. | Slip (Erucamide): May bloom; slippery surfaces. | Irganox 1010: Phenolic AO; low volatility; PPE for powders.
rHDPE_0020,Generated,87.164,1.339,Talc,11.206,Imerys,mineral_filler,,0.0,,,,0.0,,,Slip (Erucamide),0.15,Generic,slip,Irganox 1076,0.141,BASF,primary_antioxidant,,0.0,,,0.95223,68.5,8.9418,0.5348,27.557,1.2123,1668.4,7.806,94.0,61.22,-119.6,130.9,376.2,17.3,0.3155,216.94,2.036,2915,2848,1.136,0.515,1.058,"178,475,817","Compounding: 34–44 L/D twin‑screw, melt 180–210 °C, vacuum venting; 60–80 mesh melt filter; residence ≤3 min. rHDPE handling: screen for PVC; dry if odor/moisture present (70–80 °C, 1–2 h). Injection molding: melt 190–220 °C; mold 20–40 °C; moderate pack/hold; expect 1.2–2.8% shrink (flow). Minerals/platelets: ensure dispersion; check die pressure; plate-like fillers improve barrier but reduce impact.",Mineral dust; PPE; choose low-impurity grades.,,,May bloom; slippery surfaces.,Avoid dust inhalation; food-contact grades available.,,Talc: Mineral dust; PPE; choose low-impurity grades. | Slip (Erucamide): May bloom; slippery surfaces. | Irganox 1076: Avoid dust inhalation; food-contact grades available.
rHDPE_0021,Generated,76.444,23.248,,0.0,,,,0.0,,,,0.0,,,Slip (Erucamide),0.15,Generic,slip,Irganox 1010,0.158,BASF,primary_antioxidant,,0.0,,,0.9515,67.0,9.6336,0.5292,26.478,1.0402,1276.4,8.073,96.2,58.09,-120.8,131.8,373.7,19.8,0.35,250.0,1.809,2915,2848,1.22,0.554,0.812,"3,793,626,707","Compounding: 34–44 L/D twin‑screw, melt 180–210 °C, vacuum venting; 60–80 mesh melt filter; residence ≤3 min. rHDPE handling: screen for PVC; dry if odor/moisture present (70–80 °C, 1–2 h). Injection molding: melt 190–220 °C; mold 20–40 °C; moderate pack/hold; expect 1.2–2.8% shrink (flow).",,,,May bloom; slippery surfaces.,Phenolic AO; low volatility; PPE for powders.,,Slip (Erucamide): May bloom; slippery surfaces. | Irganox 1010: Phenolic AO; low volatility; PPE for powders.
rHDPE_0022,Generated,89.694,10.042,,0.0,,,,0.0,,,,0.0,,,Slip (Erucamide),0.15,Generic,slip,Irgafos 168,0.114,BASF,secondary_antioxidant,,0.0,,,0.95221,69.0,10.0447,0.5316,29.799,1.0794,1641.6,8.073,90.9,61.76,-118.4,129.1,373.3,16.9,0.35,250.0,2.176,2915,2848,1.211,0.549,0.809,"3,233,215,154","Compounding: 34–44 L/D twin‑screw, melt 180–210 °C, vacuum venting; 60–80 mesh melt filter; residence ≤3 min. rHDPE handling: screen for PVC; dry if odor/moisture present (70–80 °C, 1–2 h). Injection molding: melt 190–220 °C; mold 20–40 °C; moderate pack/hold; expect 1.2–2.8% shrink (flow).",,,,May bloom; slippery surfaces.,Hydrolysis-sensitive; keep dry; PPE.,,Slip (Erucamide): May bloom; slippery surfaces. | Irgafos 168: Hydrolysis-sensitive; keep dry; PPE.
rHDPE_0023,Generated,91.326,8.22,,0.0,,,,0.0,,,,0.0,,,Slip (Erucamide),0.15,Generic,slip,Irganox 1010,0.057,BASF,primary_antioxidant,Irgafos 168,0.247,BASF,secondary_antioxidant,0.95306,69.6,9.8217,0.5332,27.878,1.0886,1631.0,8.073,98.9,62.68,-119.9,129.6,355.2,18.8,0.35,250.0,2.268,2915,2848,1.233,0.559,0.817,"3,175,437,444","Compounding: 34–44 L/D twin‑screw, melt 180–210 °C, vacuum venting; 60–80 mesh melt filter; residence ≤3 min. rHDPE handling: screen for PVC; dry if odor/moisture present (70–80 °C, 1–2 h). Injection molding: melt 190–220 °C; mold 20–40 °C; moderate pack/hold; expect 1.2–2.8% shrink (flow).",,,,May bloom; slippery surfaces.,Phenolic AO; low volatility; PPE for powders.,Hydrolysis-sensitive; keep dry; PPE.,Slip (Erucamide): May bloom; slippery surfaces. | Irganox 1010: Phenolic AO; low volatility; PPE for powders. | Irgafos 168: Hydrolysis-sensitive; keep dry; PPE.
rHDPE_0024,Generated,73.543,7.659,Talc,18.514,Imerys,mineral_filler,,0.0,,,,0.0,,,Slip (Erucamide),0.15,Generic,slip,Irganox 1010,0.134,BASF,primary_antioxidant,,0.0,,,0.95112,66.0,9.7119,0.528,32.715,1.2955,1270.4,7.608,94.8,57.06,-117.4,129.9,378.9,19.6,0.2924,196.14,1.557,2915,2848,1.076,0.488,1.218,"108,026,358","Compounding: 34–44 L/D twin‑screw, melt 180–210 °C, vacuum venting; 60–80 mesh melt filter; residence ≤3 min. rHDPE handling: screen for PVC; dry if odor/moisture present (70–80 °C, 1–2 h). Injection molding: melt 190–220 °C; mold 20–40 °C; moderate pack/hold; expect 1.2–2.8% shrink (flow). Minerals/platelets: ensure dispersion; check die pressure; plate-like fillers improve barrier but reduce impact.",Mineral dust; PPE; choose low-impurity grades.,,,May bloom; slippery surfaces.,Phenolic AO; low volatility; PPE for powders.,,Talc: Mineral dust; PPE; choose low-impurity grades. | Slip (Erucamide): May bloom; slippery surfaces. | Irganox 1010: Phenolic AO; low volatility; PPE for powders.
rHDPE_0025,Generated,83.862,15.607,,0.0,,,,0.0,,,,0.0,,,Slip (Erucamide),0.15,Generic,slip,Irganox 1076,0.163,BASF,primary_antioxidant,Irgafos 168,0.218,BASF,secondary_antioxidant,0.95139,69.6,9.9384,0.533,27.199,1.0239,1628.1,8.073,91.5,62.78,-122.3,129.3,381.3,12.2,0.35,250.0,2.278,2915,2848,1.241,0.563,0.822,"3,458,062,054","Compounding: 34–44 L/D twin‑screw, melt 180–210 °C, vacuum venting; 60–80 mesh melt filter; residence ≤3 min. rHDPE handling: screen for PVC; dry if odor/moisture present (70–80 °C, 1–2 h). Injection molding: melt 190–220 °C; mold 20–40 °C; moderate pack/hold; expect 1.2–2.8% shrink (flow).",,,,May bloom; slippery surfaces.,Avoid dust inhalation; food-contact grades available.,Hydrolysis-sensitive; keep dry; PPE.,Slip (Erucamide): May bloom; slippery surfaces. | Irganox 1076: Avoid dust inhalation; food-contact grades available. | Irgafos 168: Hydrolysis-sensitive; keep dry; PPE.
rHDPE_0026,Generated,85.249,14.52,,0.0,,,,0.0,,,,0.0,,,Slip (Erucamide),0.15,Generic,slip,Irganox 1010,0.081,BASF,primary_antioxidant,,0.0,,,0.9521,70.3,10.3363,0.5331,29.284,1.0696,1659.4,8.073,98.5,64.05,-120.6,128.0,362.3,17.9,0.35,250.0,2.405,2915,2848,1.212,0.55,0.808,"3,401,799,435","Compounding: 34–44 L/D twin‑screw, melt 180–210 °C, vacuum venting; 60–80 mesh melt filter; residence ≤3 min. rHDPE handling: screen for PVC; dry if odor/moisture present (70–80 °C, 1–2 h). Injection molding: melt 190–220 °C; mold 20–40 °C; moderate pack/hold; expect 1.2–2.8% shrink (flow).",,,,May bloom; slippery surfaces.,Phenolic AO; low volatility; PPE for powders.,,Slip (Erucamide): May bloom; slippery surfaces. | Irganox 1010: Phenolic AO; low volatility; PPE for powders.
rHDPE_0027,Generated,73.077,14.666,Calcium Carbonate,12.024,Omya,mineral_filler,,0.0,,,,0.0,,,Slip (Erucamide),0.15,Generic,slip,Irganox 1076,0.083,BASF,primary_antioxidant,,0.0,,,0.95041,67.0,10.6177,0.5268,28.371,1.1748,1439.5,7.961,95.7,58.52,-123.7,130.5,351.1,14.2,0.3263,234.15,1.76,2915,2848,1.992,0.904,1.073,"166,333,999","Compounding: 34–44 L/D twin‑screw, melt 180–210 °C, vacuum venting; 60–80 mesh melt filter; residence ≤3 min. rHDPE handling: screen for PVC; dry if odor/moisture present (70–80 °C, 1–2 h). Injection molding: melt 190–220 °C; mold 20–40 °C; moderate pack/hold; expect 1.2–2.8% shrink (flow). Minerals/platelets: ensure dispersion; check die pressure; plate-like fillers improve barrier but reduce impact.",Dust; food-contact grades available.,,,May bloom; slippery surfaces.,Avoid dust inhalation; food-contact grades available.,,Calcium Carbonate: Dust; food-contact grades available. | Slip (Erucamide): May bloom; slippery surfaces. | Irganox 1076: Avoid dust inhalation; food-contact grades available.
rHDPE_0028,Generated,83.573,16.159,,0.0,,,,0.0,,,,0.0,,,Slip (Erucamide),0.15,Generic,slip,Irganox 1010,0.118,BASF,primary_antioxidant,,0.0,,,0.95169,70.2,9.113,0.5367,27.108,1.0951,1700.9,8.073,92.2,63.8,-120.3,131.0,351.9,20.1,0.35,250.0,2.38,2915,2848,1.217,0.552,0.81,"3,470,020,222","Compounding: 34–44 L/D twin‑screw, melt 180–210 °C, vacuum venting; 60–80 mesh melt filter; residence ≤3 min. rHDPE handling: screen for PVC; dry if odor/moisture present (70–80 °C, 1–2 h). Injection molding: melt 190–220 °C; mold 20–40 °C; moderate pack/hold; expect 1.2–2.8% shrink (flow).",,,,May bloom; slippery surfaces.,Phenolic AO; low volatility; PPE for powders.,,Slip (Erucamide): May bloom; slippery surfaces. | Irganox 1010: Phenolic AO; low volatility; PPE for powders.
rHDPE_0029,Generated,66.345,33.505,,0.0,,,,0.0,,,,0.0,,,Slip (Erucamide),0.15,Generic,slip,,0.0,,,,0.0,,,0.95124,69.9,10.4853,0.532,27.368,1.0239,1268.6,8.073,96.1,63.39,-115.5,129.9,359.0,13.7,0.35,250.0,2.339,2915,2848,1.189,0.539,0.804,"4,371,090,512","Compounding: 34–44 L/D twin‑screw, melt 180–210 °C, vacuum venting; 60–80 mesh melt filter; residence ≤3 min. rHDPE handling: screen for PVC; dry if odor/moisture present (70–80 °C, 1–2 h). Injection molding: melt 190–220 °C; mold 20–40 °C; moderate pack/hold; expect 1.2–2.8% shrink (flow).",,,,May bloom; slippery surfaces.,,,Slip (Erucamide): May bloom; slippery surfaces.
rHDPE_0030,Generated,93.982,5.732,,0.0,,,,0.0,,,,0.0,,,Slip (Erucamide),0.15,Generic,slip,Irganox 1076,0.136,BASF,primary_antioxidant,,0.0,,,0.95454,67.5,11.7659,0.5243,27.96,1.0198,1698.3,8.073,98.1,58.75,-122.6,130.8,360.6,17.4,0.35,250.0,1.875,2915,2848,1.223,0.555,0.811,"3,085,697,261","Compounding: 34–44 L/D twin‑screw, melt 180–210 °C, vacuum venting; 60–80 mesh melt filter; residence ≤3 min. rHDPE handling: screen for PVC; dry if odor/moisture present (70–80 °C, 1–2 h). Injection molding: melt 190–220 °C; mold 20–40 °C; moderate pack/hold; expect 1.2–2.8% shrink (flow).",,,,May bloom; slippery surfaces.,Avoid dust inhalation; food-contact grades available.,,Slip (Erucamide): May bloom; slippery surfaces. | Irganox 1076: Avoid dust inhalation; food-contact grades available.
rHDPE_0031,Generated,79.918,19.808,,0.0,,,,0.0,,,,0.0,,,Slip (Erucamide),0.15,Generic,slip,Irgafos 168,0.124,BASF,secondary_antioxidant,,0.0,,,0.95253,67.2,11.3983,0.5247,25.528,1.0822,1776.5,8.073,97.3,58.41,-118.6,131.3,374.8,15.1,0.35,250.0,1.841,2915,2848,1.207,0.547,0.809,"3,628,719,437","Compounding: 34–44 L/D twin‑screw, melt 180–210 °C, vacuum venting; 60–80 mesh melt filter; residence ≤3 min. rHDPE handling: screen for PVC; dry if odor/moisture present (70–80 °C, 1–2 h). Injection molding: melt 190–220 °C; mold 20–40 °C; moderate pack/hold; expect 1.2–2.8% shrink (flow).",,,,May bloom; slippery surfaces.,Hydrolysis-sensitive; keep dry; PPE.,,Slip (Erucamide): May bloom; slippery surfaces. | Irgafos 168: Hydrolysis-sensitive; keep dry; PPE.
rHDPE_0032,Generated,80.846,18.836,,0.0,,,,0.0,,,,0.0,,,Slip (Erucamide),0.15,Generic,slip,Irgafos 168,0.168,BASF,secondary_antioxidant,,0.0,,,0.95161,66.7,11.7385,0.523,27.254,1.0279,1650.3,8.073,93.3,57.45,-117.5,130.7,361.8,15.9,0.35,250.0,1.745,2915,2848,1.211,0.549,0.811,"3,587,066,769","Compounding: 34–44 L/D twin‑screw, melt 180–210 °C, vacuum venting; 60–80 mesh melt filter; residence ≤3 min. rHDPE handling: screen for PVC; dry if odor/moisture present (70–80 °C, 1–2 h). Injection molding: melt 190–220 °C; mold 20–40 °C; moderate pack/hold; expect 1.2–2.8% shrink (flow).",,,,May bloom; slippery surfaces.,Hydrolysis-sensitive; keep dry; PPE.,,Slip (Erucamide): May bloom; slippery surfaces. | Irgafos 168: Hydrolysis-sensitive; keep dry; PPE.
rHDPE_0033,Generated,87.241,12.419,,0.0,,,,0.0,,,,0.0,,,Slip (Erucamide),0.15,Generic,slip,Irgafos 168,0.19,BASF,secondary_antioxidant,,0.0,,,0.95138,65.3,11.7923,0.5205,28.6,1.0086,1493.1,8.073,97.9,55.1,-117.1,130.8,372.7,16.0,0.35,250.0,1.51,2915,2848,1.216,0.552,0.812,"3,324,125,125","Compounding: 34–44 L/D twin‑screw, melt 180–210 °C, vacuum venting; 60–80 mesh melt filter; residence ≤3 min. rHDPE handling: screen for PVC; dry if odor/moisture present (70–80 °C, 1–2 h). Injection molding: melt 190–220 °C; mold 20–40 °C; moderate pack/hold; expect 1.2–2.8% shrink (flow).",,,,May bloom; slippery surfaces.,Hydrolysis-sensitive; keep dry; PPE.,,Slip (Erucamide): May bloom; slippery surfaces. | Irgafos 168: Hydrolysis-sensitive; keep dry; PPE.
rHDPE_0034,Generated,77.027,10.717,Talc,11.907,Imerys,mineral_filler,,0.0,,,,0.0,,,Slip (Erucamide),0.15,Generic,slip,Irganox 1076,0.199,BASF,primary_antioxidant,,0.0,,,0.95208,67.8,9.1423,0.5328,31.718,1.1673,1315.9,7.788,97.7,60.01,-116.1,131.9,374.4,12.5,0.3133,214.92,1.91,2915,2848,1.134,0.514,1.076,"167,968,422","Compounding: 34–44 L/D twin‑screw, melt 180–210 °C, vacuum venting; 60–80 mesh melt filter; residence ≤3 min. rHDPE handling: screen for PVC; dry if odor/moisture present (70–80 °C, 1–2 h). Injection molding: melt 190–220 °C; mold 20–40 °C; moderate pack/hold; expect 1.2–2.8% shrink (flow). Minerals/platelets: ensure dispersion; check die pressure; plate-like fillers improve barrier but reduce impact.",Mineral dust; PPE; choose low-impurity grades.,,,May bloom; slippery surfaces.,Avoid dust inhalation; food-contact grades available.,,Talc: Mineral dust; PPE; choose low-impurity grades. | Slip (Erucamide): May bloom; slippery surfaces. | Irganox 1076: Avoid dust inhalation; food-contact grades available.
rHDPE_0035,Generated,68.82,20.636,Calcium Carbonate,10.3,Omya,mineral_filler,,0.0,,,,0.0,,,Slip (Erucamide),0.15,Generic,slip,Irganox 1010,0.094,BASF,primary_antioxidant,,0.0,,,0.95174,69.1,8.4399,0.5378,27.383,1.1143,1343.1,7.978,90.2,62.23,-115.6,130.6,376.5,11.3,0.3299,236.55,2.144,2915,2848,1.881,0.853,1.036,"194,174,757","Compounding: 34–44 L/D twin‑screw, melt 180–210 °C, vacuum venting; 60–80 mesh melt filter; residence ≤3 min. rHDPE handling: screen for PVC; dry if odor/moisture present (70–80 °C, 1–2 h). Injection molding: melt 190–220 °C; mold 20–40 °C; moderate pack/hold; expect 1.2–2.8% shrink (flow). Minerals/platelets: ensure dispersion; check die pressure; plate-like fillers improve barrier but reduce impact.",Dust; food-contact grades available.,,,May bloom; slippery surfaces.,Phenolic AO; low volatility; PPE for powders.,,Calcium Carbonate: Dust; food-contact grades available. | Slip (Erucamide): May bloom; slippery surfaces. | Irganox 1010: Phenolic AO; low volatility; PPE for powders.
rHDPE_0036,Generated,65.883,33.792,,0.0,,,,0.0,,,,0.0,,,Slip (Erucamide),0.15,Generic,slip,Irganox 1010,0.11,BASF,primary_antioxidant,Irgafos 168,0.065,BASF,secondary_antioxidant,0.95315,65.6,8.5968,0.5304,26.519,1.0563,1796.4,8.073,92.3,55.54,-123.7,131.1,371.3,18.9,0.35,250.0,1.554,2915,2848,1.213,0.55,0.812,"4,401,742,483","Compounding: 34–44 L/D twin‑screw, melt 180–210 °C, vacuum venting; 60–80 mesh melt filter; residence ≤3 min. rHDPE handling: screen for PVC; dry if odor/moisture present (70–80 °C, 1–2 h). Injection molding: melt 190–220 °C; mold 20–40 °C; moderate pack/hold; expect 1.2–2.8% shrink (flow).",,,,May bloom; slippery surfaces.,Phenolic AO; low volatility; PPE for powders.,Hydrolysis-sensitive; keep dry; PPE.,Slip (Erucamide): May bloom; slippery surfaces. | Irganox 1010: Phenolic AO; low volatility; PPE for powders. | Irgafos 168: Hydrolysis-sensitive; keep dry; PPE.
rHDPE_0037,Generated,83.885,15.768,,0.0,,,,0.0,,,,0.0,,,Slip (Erucamide),0.15,Generic,slip,Irganox 1076,0.135,BASF,primary_antioxidant,Irgafos 168,0.062,BASF,secondary_antioxidant,0.9548,66.0,11.0509,0.5231,26.323,1.0626,1248.7,8.073,96.9,55.99,-121.8,130.2,355.5,14.9,0.35,250.0,1.599,2915,2848,1.223,0.555,0.814,"3,457,113,906","Compounding: 34–44 L/D twin‑screw, melt 180–210 °C, vacuum venting; 60–80 mesh melt filter; residence ≤3 min. rHDPE handling: screen for PVC; dry if odor/moisture present (70–80 °C, 1–2 h). Injection molding: melt 190–220 °C; mold 20–40 °C; moderate pack/hold; expect 1.2–2.8% shrink (flow).",,,,May bloom; slippery surfaces.,Avoid dust inhalation; food-contact grades available.,Hydrolysis-sensitive; keep dry; PPE.,Slip (Erucamide): May bloom; slippery surfaces. | Irganox 1076: Avoid dust inhalation; food-contact grades available. | Irgafos 168: Hydrolysis-sensitive; keep dry; PPE.
rHDPE_0038,Generated,66.705,9.895,Calcium Carbonate,23.25,Omya,mineral_filler,,0.0,,,,0.0,,,Slip (Erucamide),0.15,Generic,slip,,0.0,,,,0.0,,,0.95449,68.6,10.4387,0.5303,32.71,1.3896,1438.1,7.838,91.9,61.61,-118.4,131.6,379.3,10.7,0.3015,217.39,1.967,2915,2848,2.712,1.23,1.316,"86,021,505","Compounding: 34–44 L/D twin‑screw, melt 180–210 °C, vacuum venting; 60–80 mesh melt filter; residence ≤3 min. rHDPE handling: screen for PVC; dry if odor/moisture present (70–80 °C, 1–2 h). Injection molding: melt 190–220 °C; mold 20–40 °C; moderate pack/hold; expect 1.2–2.8% shrink (flow). Minerals/platelets: ensure dispersion; check die pressure; plate-like fillers improve barrier but reduce impact.",Dust; food-contact grades available.,,,May bloom; slippery surfaces.,,,Calcium Carbonate: Dust; food-contact grades available. | Slip (Erucamide): May bloom; slippery surfaces.
rHDPE_0039,Generated,55.389,26.214,Calcium Carbonate,18.094,Omya,mineral_filler,,0.0,,,,0.0,,,Slip (Erucamide),0.15,Generic,slip,Irganox 1076,0.153,BASF,primary_antioxidant,,0.0,,,0.95513,68.0,9.8306,0.5308,29.093,1.2126,1395.8,7.897,98.5,60.27,-118.0,129.0,353.5,20.4,0.3133,225.35,1.882,2915,2848,2.391,1.085,1.21,"110,533,879","Compounding: 34–44 L/D twin‑screw, melt 180–210 °C, vacuum venting; 60–80 mesh melt filter; residence ≤3 min. rHDPE handling: screen for PVC; dry if odor/moisture present (70–80 °C, 1–2 h). Injection molding: melt 190–220 °C; mold 20–40 °C; moderate pack/hold; expect 1.2–2.8% shrink (flow). Minerals/platelets: ensure dispersion; check die pressure; plate-like fillers improve barrier but reduce impact.",Dust; food-contact grades available.,,,May bloom; slippery surfaces.,Avoid dust inhalation; food-contact grades available.,,Calcium Carbonate: Dust; food-contact grades available. | Slip (Erucamide): May bloom; slippery surfaces. | Irganox 1076: Avoid dust inhalation; food-contact grades available.
rHDPE_0040,Generated,76.32,23.53,,0.0,,,,0.0,,,,0.0,,,Slip (Erucamide),0.15,Generic,slip,,0.0,,,,0.0,,,0.95378,68.0,10.606,0.528,25.907,1.0916,1551.2,8.073,93.3,59.71,-118.7,130.0,353.2,13.5,0.35,250.0,1.971,2915,2848,1.194,0.542,0.804,"3,799,790,356","Compounding: 34–44 L/D twin‑screw, melt 180–210 °C, vacuum venting; 60–80 mesh melt filter; residence ≤3 min. rHDPE handling: screen for PVC; dry if odor/moisture present (70–80 °C, 1–2 h). Injection molding: melt 190–220 °C; mold 20–40 °C; moderate pack/hold; expect 1.2–2.8% shrink (flow).",,,,May bloom; slippery surfaces.,,,Slip (Erucamide): May bloom; slippery surfaces.
rHDPE_0041,Generated,69.68,30.021,,0.0,,,,0.0,,,,0.0,,,Slip (Erucamide),0.15,Generic,slip,Irganox 1076,0.149,BASF,primary_antioxidant,,0.0,,,0.952,69.5,8.1468,0.5394,26.262,1.0088,1269.6,8.073,98.7,62.6,-116.1,131.5,378.9,10.4,0.35,250.0,2.26,2915,2848,1.212,0.55,0.812,"4,161,882,893","Compounding: 34–44 L/D twin‑screw, melt 180–210 °C, vacuum venting; 60–80 mesh melt filter; residence ≤3 min. rHDPE handling: screen for PVC; dry if odor/moisture present (70–80 °C, 1–2 h). Injection molding: melt 190–220 °C; mold 20–40 °C; moderate pack/hold; expect 1.2–2.8% shrink (flow).",,,,May bloom; slippery surfaces.,Avoid dust inhalation; food-contact grades available.,,Slip (Erucamide): May bloom; slippery surfaces. | Irganox 1076: Avoid dust inhalation; food-contact grades available.
rHDPE_0042,Generated,77.977,21.792,,0.0,,,,0.0,,,,0.0,,,Slip (Erucamide),0.15,Generic,slip,Irganox 1010,0.081,BASF,primary_antioxidant,,0.0,,,0.95275,70.5,9.7525,0.535,25.607,1.0698,1783.9,8.073,95.5,64.28,-118.5,129.0,355.6,15.8,0.35,250.0,2.428,2915,2848,1.208,0.548,0.808,"3,719,045,360","Compounding: 34–44 L/D twin‑screw, melt 180–210 °C, vacuum venting; 60–80 mesh melt filter; residence ≤3 min. rHDPE handling: screen for PVC; dry if odor/moisture present (70–80 °C, 1–2 h). Injection molding: melt 190–220 °C; mold 20–40 °C; moderate pack/hold; expect 1.2–2.8% shrink (flow).",,,,May bloom; slippery surfaces.,Phenolic AO; low volatility; PPE for powders.,,Slip (Erucamide): May bloom; slippery surfaces. | Irganox 1010: Phenolic AO; low volatility; PPE for powders.
rHDPE_0043,Generated,41.521,34.729,Calcium Carbonate,8.713,Omya,mineral_filler,Talc,14.697,Imerys,mineral_filler,,0.0,,,Slip (Erucamide),0.15,Generic,slip,Irganox 1076,0.19,BASF,primary_antioxidant,,0.0,,,0.95271,67.9,9.6959,0.5315,30.999,1.327,1202.8,7.639,98.2,60.54,-119.0,131.1,355.2,11.2,0.2872,195.87,1.859,2915,2848,1.665,0.755,1.329,"136,082,194","Compounding: 34–44 L/D twin‑screw, melt 180–210 °C, vacuum venting; 60–80 mesh melt filter; residence ≤3 min. rHDPE handling: screen for PVC; dry if odor/moisture present (70–80 °C, 1–2 h). Injection molding: melt 190–220 °C; mold 20–40 °C; moderate pack/hold; expect 1.2–2.8% shrink (flow). Minerals/platelets: ensure dispersion; check die pressure; plate-like fillers improve barrier but reduce impact.",Dust; food-contact grades available.,Mineral dust; PPE; choose low-impurity grades.,,May bloom; slippery surfaces.,Avoid dust inhalation; food-contact grades available.,,Calcium Carbonate: Dust; food-contact grades available. | Talc: Mineral dust; PPE; choose low-impurity grades. | Slip (Erucamide): May bloom; slippery surfaces. | Irganox 1076: Avoid dust inhalation; food-contact grades available.
rHDPE_0044,Generated,90.159,9.351,,0.0,,,,0.0,,,,0.0,,,Slip (Erucamide),0.15,Generic,slip,Irgafos 168,0.223,BASF,secondary_antioxidant,Irganox 1076,0.117,BASF,primary_antioxidant,0.95242,67.2,11.0515,0.5255,29.664,1.0377,1721.8,8.073,94.1,58.32,-113.7,129.0,363.5,20.8,0.35,250.0,1.832,2915,2848,1.238,0.561,0.82,"3,216,539,669","Compounding: 34–44 L/D twin‑screw, melt 180–210 °C, vacuum venting; 60–80 mesh melt filter; residence ≤3 min. rHDPE handling: screen for PVC; dry if odor/moisture present (70–80 °C, 1–2 h). Injection molding: melt 190–220 °C; mold 20–40 °C; moderate pack/hold; expect 1.2–2.8% shrink (flow).",,,,May bloom; slippery surfaces.,Hydrolysis-sensitive; keep dry; PPE.,Avoid dust inhalation; food-contact grades available.,Slip (Erucamide): May bloom; slippery surfaces. | Irgafos 168: Hydrolysis-sensitive; keep dry; PPE. | Irganox 1076: Avoid dust inhalation; food-contact grades available.
rHDPE_0045,Generated,51.048,16.554,Calcium Carbonate,24.203,Omya,mineral_filler,Talc,7.976,Imerys,mineral_filler,,0.0,,,Slip (Erucamide),0.15,Generic,slip,Irganox 1010,0.069,BASF,primary_antioxidant,,0.0,,,0.95136,69.6,8.1575,0.5409,32.198,1.5013,1166.5,7.647,93.1,64.16,-116.3,131.9,353.2,18.1,0.274,192.45,2.129,2915,2848,2.718,1.233,1.516,"82,634,384","Compounding: 34–44 L/D twin‑screw, melt 180–210 °C, vacuum venting; 60–80 mesh melt filter; residence ≤3 min. rHDPE handling: screen for PVC; dry if odor/moisture present (70–80 °C, 1–2 h). Injection molding: melt 190–220 °C; mold 20–40 °C; moderate pack/hold; expect 1.2–2.8% shrink (flow). Minerals/platelets: ensure dispersion; check die pressure; plate-like fillers improve barrier but reduce impact.",Dust; food-contact grades available.,Mineral dust; PPE; choose low-impurity grades.,,May bloom; slippery surfaces.,Phenolic AO; low volatility; PPE for powders.,,Calcium Carbonate: Dust; food-contact grades available. | Talc: Mineral dust; PPE; choose low-impurity grades. | Slip (Erucamide): May bloom; slippery surfaces. | Irganox 1010: Phenolic AO; low volatility; PPE for powders.
rHDPE_0046,Generated,72.487,11.5,Talc,15.669,Imerys,mineral_filler,,0.0,,,,0.0,,,Slip (Erucamide),0.15,Generic,slip,Irgafos 168,0.194,BASF,secondary_antioxidant,,0.0,,,0.95479,65.6,8.1716,0.5327,33.951,1.2659,1669.8,7.688,99.2,55.95,-117.3,129.8,353.7,17.6,0.3015,204.16,1.472,2915,2848,1.092,0.495,1.157,"127,640,564","Compounding: 34–44 L/D twin‑screw, melt 180–210 °C, vacuum venting; 60–80 mesh melt filter; residence ≤3 min. rHDPE handling: screen for PVC; dry if odor/moisture present (70–80 °C, 1–2 h). Injection molding: melt 190–220 °C; mold 20–40 °C; moderate pack/hold; expect 1.2–2.8% shrink (flow). Minerals/platelets: ensure dispersion; check die pressure; plate-like fillers improve barrier but reduce impact.",Mineral dust; PPE; choose low-impurity grades.,,,May bloom; slippery surfaces.,Hydrolysis-sensitive; keep dry; PPE.,,Talc: Mineral dust; PPE; choose low-impurity grades. | Slip (Erucamide): May bloom; slippery surfaces. | Irgafos 168: Hydrolysis-sensitive; keep dry; PPE.
rHDPE_0047,Generated,55.563,24.29,Calcium Carbonate,10.245,Omya,mineral_filler,Talc,9.752,Imerys,mineral_filler,,0.0,,,Slip (Erucamide),0.15,Generic,slip,,0.0,,,,0.0,,,0.95173,67.5,10.5529,0.5281,30.263,1.2444,1464.0,7.752,92.7,59.64,-121.2,130.8,367.7,15.8,0.2998,207.98,1.801,2915,2848,1.781,0.808,1.244,"195,217,179","Compounding: 34–44 L/D twin‑screw, melt 180–210 °C, vacuum venting; 60–80 mesh melt filter; residence ≤3 min. rHDPE handling: screen for PVC; dry if odor/moisture present (70–80 °C, 1–2 h). Injection molding: melt 190–220 °C; mold 20–40 °C; moderate pack/hold; expect 1.2–2.8% shrink (flow). Minerals/platelets: ensure dispersion; check die pressure; plate-like fillers improve barrier but reduce impact.",Dust; food-contact grades available.,Mineral dust; PPE; choose low-impurity grades.,,May bloom; slippery surfaces.,,,Calcium Carbonate: Dust; food-contact grades available. | Talc: Mineral dust; PPE; choose low-impurity grades. | Slip (Erucamide): May bloom; slippery surfaces.
rHDPE_0048,Generated,68.306,31.462,,0.0,,,,0.0,,,,0.0,,,Slip (Erucamide),0.15,Generic,slip,Irgafos 168,0.082,BASF,secondary_antioxidant,,0.0,,,0.95221,67.2,10.3503,0.5274,27.122,1.0639,1350.1,8.073,92.4,58.46,-116.2,128.8,363.5,15.3,0.35,250.0,1.846,2915,2848,1.197,0.543,0.807,"4,245,600,679","Compounding: 34–44 L/D twin‑screw, melt 180–210 °C, vacuum venting; 60–80 mesh melt filter; residence ≤3 min. rHDPE handling: screen for PVC; dry if odor/moisture present (70–80 °C, 1–2 h). Injection molding: melt 190–220 °C; mold 20–40 °C; moderate pack/hold; expect 1.2–2.8% shrink (flow).",,,,May bloom; slippery surfaces.,Hydrolysis-sensitive; keep dry; PPE.,,Slip (Erucamide): May bloom; slippery surfaces. | Irgafos 168: Hydrolysis-sensitive; keep dry; PPE.
rHDPE_0049,Generated,46.126,20.118,Talc,14.344,Imerys,mineral_filler,Calcium Carbonate,19.127,Omya,mineral_filler,,0.0,,,Slip (Erucamide),0.15,Generic,slip,Irganox 1010,0.135,BASF,primary_antioxidant,,0.0,,,0.95118,68.4,9.6852,0.5329,34.194,1.5146,1497.7,7.545,97.4,61.94,-118.9,129.5,372.9,16.8,0.2654,182.03,1.892,2915,2848,2.347,1.064,1.547,"104,564,229","Compounding: 34–44 L/D twin‑screw, melt 180–210 °C, vacuum venting; 60–80 mesh melt filter; residence ≤3 min. rHDPE handling: screen for PVC; dry if odor/moisture present (70–80 °C, 1–2 h). Injection molding: melt 190–220 °C; mold 20–40 °C; moderate pack/hold; expect 1.2–2.8% shrink (flow). Minerals/platelets: ensure dispersion; check die pressure; plate-like fillers improve barrier but reduce impact.",Mineral dust; PPE; choose low-impurity grades.,Dust; food-contact grades available.,,May bloom; slippery surfaces.,Phenolic AO; low volatility; PPE for powders.,,Talc: Mineral dust; PPE; choose low-impurity grades. | Calcium Carbonate: Dust; food-contact grades available. | Slip (Erucamide): May bloom; slippery surfaces. | Irganox 1010: Phenolic AO; low volatility; PPE for powders.
rHDPE_0050,Generated,58.469,21.989,Talc,15.182,Imerys,mineral_filler,Calcium Carbonate,4.073,Omya,mineral_filler,,0.0,,,Slip (Erucamide),0.15,Generic,slip,Irganox 1010,0.137,BASF,primary_antioxidant,,0.0,,,0.952,69.4,8.5672,0.5382,32.486,1.2417,1645.1,7.667,98.7,63.18,-119.7,131.7,379.4,13.0,0.2951,200.52,2.162,2915,2848,1.361,0.617,1.235,"131,734,949","Compounding: 34–44 L/D twin‑screw, melt 180–210 °C, vacuum venting; 60–80 mesh melt filter; residence ≤3 min. rHDPE handling: screen for PVC; dry if odor/moisture present (70–80 °C, 1–2 h). Injection molding: melt 190–220 °C; mold 20–40 °C; moderate pack/hold; expect 1.2–2.8% shrink (flow). Minerals/platelets: ensure dispersion; check die pressure; plate-like fillers improve barrier but reduce impact.",Mineral dust; PPE; choose low-impurity grades.,Dust; food-contact grades available.,,May bloom; slippery surfaces.,Phenolic AO; low volatility; PPE for powders.,,Talc: Mineral dust; PPE; choose low-impurity grades. | Calcium Carbonate: Dust; food-contact grades available. | Slip (Erucamide): May bloom; slippery surfaces. | Irganox 1010: Phenolic AO; low volatility; PPE for powders.
rHDPE_0051,Generated,66.192,28.227,Calcium Carbonate,5.237,Omya,mineral_filler,,0.0,,,,0.0,,,Slip (Erucamide),0.15,Generic,slip,Irganox 1076,0.194,BASF,primary_antioxidant,,0.0,,,0.95494,70.1,10.8551,0.5313,31.063,1.1569,1663.4,8.026,94.6,63.67,-121.3,131.2,350.6,16.1,0.34,243.34,2.329,2915,2848,1.56,0.708,0.929,"381,898,033","Compounding: 34–44 L/D twin‑screw, melt 180–210 °C, vacuum venting; 60–80 mesh melt filter; residence ≤3 min. rHDPE handling: screen for PVC; dry if odor/moisture present (70–80 °C, 1–2 h). Injection molding: melt 190–220 °C; mold 20–40 °C; moderate pack/hold; expect 1.2–2.8% shrink (flow). Minerals/platelets: ensure dispersion; check die pressure; plate-like fillers improve barrier but reduce impact.",Dust; food-contact grades available.,,,May bloom; slippery surfaces.,Avoid dust inhalation; food-contact grades available.,,Calcium Carbonate: Dust; food-contact grades available. | Slip (Erucamide): May bloom; slippery surfaces. | Irganox 1076: Avoid dust inhalation; food-contact grades available.
rHDPE_0052,Generated,50.573,28.785,Calcium Carbonate,2.576,Omya,mineral_filler,Talc,17.916,Imerys,mineral_filler,,0.0,,,Slip (Erucamide),0.15,Generic,slip,,0.0,,,,0.0,,,0.95339,70.5,8.737,0.5393,34.655,1.2555,1591.6,7.604,93.6,64.99,-122.0,129.7,355.2,19.5,0.2893,194.67,2.332,2915,2848,1.215,0.551,1.255,"111,632,061","Compounding: 34–44 L/D twin‑screw, melt 180–210 °C, vacuum venting; 60–80 mesh melt filter; residence ≤3 min. rHDPE handling: screen for PVC; dry if odor/moisture present (70–80 °C, 1–2 h). Injection molding: melt 190–220 °C; mold 20–40 °C; moderate pack/hold; expect 1.2–2.8% shrink (flow). Minerals/platelets: ensure dispersion; check die pressure; plate-like fillers improve barrier but reduce impact.",Dust; food-contact grades available.,Mineral dust; PPE; choose low-impurity grades.,,May bloom; slippery surfaces.,,,Calcium Carbonate: Dust; food-contact grades available. | Talc: Mineral dust; PPE; choose low-impurity grades. | Slip (Erucamide): May bloom; slippery surfaces.
rHDPE_0053,Generated,87.77,3.402,Talc,8.678,Imerys,mineral_filler,,0.0,,,,0.0,,,Slip (Erucamide),0.15,Generic,slip,,0.0,,,,0.0,,,0.95498,69.3,10.0947,0.532,30.855,1.1651,1666.0,7.87,93.0,62.31,-118.2,131.4,371.7,19.4,0.3234,224.27,2.166,2915,2848,1.135,0.515,0.995,"230,467,850","Compounding: 34–44 L/D twin‑screw, melt 180–210 °C, vacuum venting; 60–80 mesh melt filter; residence ≤3 min. rHDPE handling: screen for PVC; dry if odor/moisture present (70–80 °C, 1–2 h). Injection molding: melt 190–220 °C; mold 20–40 °C; moderate pack/hold; expect 1.2–2.8% shrink (flow). Minerals/platelets: ensure dispersion; check die pressure; plate-like fillers improve barrier but reduce impact.",Mineral dust; PPE; choose low-impurity grades.,,,May bloom; slippery surfaces.,,,Talc: Mineral dust; PPE; choose low-impurity grades. | Slip (Erucamide): May bloom; slippery surfaces.
rHDPE_0054,Generated,91.422,8.264,,0.0,,,,0.0,,,,0.0,,,Slip (Erucamide),0.15,Generic,slip,Irganox 1076,0.059,BASF,primary_antioxidant,Irgafos 168,0.105,BASF,secondary_antioxidant,0.95484,70.7,11.2968,0.531,26.061,1.0092,1583.7,8.073,97.9,64.49,-114.2,128.2,361.7,21.0,0.35,250.0,2.449,2915,2848,1.219,0.553,0.812,"3,172,102,995","Compounding: 34–44 L/D twin‑screw, melt 180–210 °C, vacuum venting; 60–80 mesh melt filter; residence ≤3 min. rHDPE handling: screen for PVC; dry if odor/moisture present (70–80 °C, 1–2 h). Injection molding: melt 190–220 °C; mold 20–40 °C; moderate pack/hold; expect 1.2–2.8% shrink (flow).",,,,May bloom; slippery surfaces.,Avoid dust inhalation; food-contact grades available.,Hydrolysis-sensitive; keep dry; PPE.,Slip (Erucamide): May bloom; slippery surfaces. | Irganox 1076: Avoid dust inhalation; food-contact grades available. | Irgafos 168: Hydrolysis-sensitive; keep dry; PPE.
rHDPE_0055,Generated,50.501,29.044,Calcium Carbonate,20.139,Omya,mineral_filler,,0.0,,,,0.0,,,Slip (Erucamide),0.15,Generic,slip,Irganox 1076,0.166,BASF,primary_antioxidant,,0.0,,,0.95345,66.6,11.7406,0.5236,32.532,1.3507,1596.6,7.875,98.0,58.06,-123.1,131.5,355.0,14.1,0.3087,222.25,1.642,2915,2848,2.524,1.145,1.256,"99,309,797","Compounding: 34–44 L/D twin‑screw, melt 180–210 °C, vacuum venting; 60–80 mesh melt filter; residence ≤3 min. rHDPE handling: screen for PVC; dry if odor/moisture present (70–80 °C, 1–2 h). Injection molding: melt 190–220 °C; mold 20–40 °C; moderate pack/hold; expect 1.2–2.8% shrink (flow). Minerals/platelets: ensure dispersion; check die pressure; plate-like fillers improve barrier but reduce impact.",Dust; food-contact grades available.,,,May bloom; slippery surfaces.,Avoid dust inhalation; food-contact grades available.,,Calcium Carbonate: Dust; food-contact grades available. | Slip (Erucamide): May bloom; slippery surfaces. | Irganox 1076: Avoid dust inhalation; food-contact grades available.
rHDPE_0056,Generated,95.413,4.437,,0.0,,,,0.0,,,,0.0,,,Slip (Erucamide),0.15,Generic,slip,,0.0,,,,0.0,,,0.95032,67.7,9.4482,0.5312,27.26,1.0594,1332.9,8.073,93.0,59.48,-118.8,130.9,381.8,16.6,0.35,250.0,1.948,2915,2848,1.203,0.546,0.804,"3,039,418,109","Compounding: 34–44 L/D twin‑screw, melt 180–210 °C, vacuum venting; 60–80 mesh melt filter; residence ≤3 min. rHDPE handling: screen for PVC; dry if odor/moisture present (70–80 °C, 1–2 h). Injection molding: melt 190–220 °C; mold 20–40 °C; moderate pack/hold; expect 1.2–2.8% shrink (flow).",,,,May bloom; slippery surfaces.,,,Slip (Erucamide): May bloom; slippery surfaces.
rHDPE_0057,Generated,82.173,1.09,Talc,12.949,Imerys,mineral_filler,Calcium Carbonate,3.511,Omya,mineral_filler,,0.0,,,Slip (Erucamide),0.15,Generic,slip,Irganox 1076,0.061,BASF,primary_antioxidant,Irgafos 168,0.066,BASF,secondary_antioxidant,0.95182,68.8,10.0606,0.5317,34.346,1.2288,1419.5,7.731,98.9,61.91,-120.3,130.5,353.8,17.7,0.3033,207.6,2.061,2915,2848,1.344,0.61,1.172,"154,452,081","Compounding: 34–44 L/D twin‑screw, melt 180–210 °C, vacuum venting; 60–80 mesh melt filter; residence ≤3 min. rHDPE handling: screen for PVC; dry if odor/moisture present (70–80 °C, 1–2 h). Injection molding: melt 190–220 °C; mold 20–40 °C; moderate pack/hold; expect 1.2–2.8% shrink (flow). Minerals/platelets: ensure dispersion; check die pressure; plate-like fillers improve barrier but reduce impact.",Mineral dust; PPE; choose low-impurity grades.,Dust; food-contact grades available.,,May bloom; slippery surfaces.,Avoid dust inhalation; food-contact grades available.,Hydrolysis-sensitive; keep dry; PPE.,Talc: Mineral dust; PPE; choose low-impurity grades. | Calcium Carbonate: Dust; food-contact grades available. | Slip (Erucamide): May bloom; slippery surfaces. | Irganox 1076: Avoid dust inhalation; food-contact grades available. | Irgafos 168: Hydrolysis-sensitive; keep dry; PPE.
rHDPE_0058,Generated,92.15,7.526,,0.0,,,,0.0,,,,0.0,,,Slip (Erucamide),0.15,Generic,slip,Irganox 1076,0.174,BASF,primary_antioxidant,,0.0,,,0.95199,69.3,9.2502,0.5347,26.274,1.0313,1772.2,8.073,94.3,62.3,-118.1,129.9,353.2,11.3,0.35,250.0,2.23,2915,2848,1.227,0.557,0.813,"3,147,042,865","Compounding: 34–44 L/D twin‑screw, melt 180–210 °C, vacuum venting; 60–80 mesh melt filter; residence ≤3 min. rHDPE handling: screen for PVC; dry if odor/moisture present (70–80 °C, 1–2 h). Injection molding: melt 190–220 °C; mold 20–40 °C; moderate pack/hold; expect 1.2–2.8% shrink (flow).",,,,May bloom; slippery surfaces.,Avoid dust inhalation; food-contact grades available.,,Slip (Erucamide): May bloom; slippery surfaces. | Irganox 1076: Avoid dust inhalation; food-contact grades available.
rHDPE_0059,Generated,86.807,13.043,,0.0,,,,0.0,,,,0.0,,,Slip (Erucamide),0.15,Generic,slip,,0.0,,,,0.0,,,0.95478,68.5,10.6801,0.5287,29.368,1.0411,1764.7,8.073,93.1,60.62,-120.8,131.7,351.8,12.9,0.35,250.0,2.062,2915,2848,1.199,0.544,0.804,"3,340,744,410","Compounding: 34–44 L/D twin‑screw, melt 180–210 °C, vacuum venting; 60–80 mesh melt filter; residence ≤3 min. rHDPE handling: screen for PVC; dry if odor/moisture present (70–80 °C, 1–2 h). Injection molding: melt 190–220 °C; mold 20–40 °C; moderate pack/hold; expect 1.2–2.8% shrink (flow).",,,,May bloom; slippery surfaces.,,,Slip (Erucamide): May bloom; slippery surfaces.
rHDPE_0060,Generated,70.475,16.877,Talc,12.334,Imerys,mineral_filler,,0.0,,,,0.0,,,Slip (Erucamide),0.15,Generic,slip,Irganox 1010,0.164,BASF,primary_antioxidant,,0.0,,,0.95438,70.1,11.7854,0.5294,31.242,1.2404,1498.5,7.777,92.2,63.97,-124.7,131.8,379.2,13.2,0.312,213.69,2.303,2915,2848,1.126,0.511,1.084,"162,153,397","Compounding: 34–44 L/D twin‑screw, melt 180–210 °C, vacuum venting; 60–80 mesh melt filter; residence ≤3 min. rHDPE handling: screen for PVC; dry if odor/moisture present (70–80 °C, 1–2 h). Injection molding: melt 190–220 °C; mold 20–40 °C; moderate pack/hold; expect 1.2–2.8% shrink (flow). Minerals/platelets: ensure dispersion; check die pressure; plate-like fillers improve barrier but reduce impact.",Mineral dust; PPE; choose low-impurity grades.,,,May bloom; slippery surfaces.,Phenolic AO; low volatility; PPE for powders.,,Talc: Mineral dust; PPE; choose low-impurity grades. | Slip (Erucamide): May bloom; slippery surfaces. | Irganox 1010: Phenolic AO; low volatility; PPE for powders.
rHDPE_0061,Generated,89.036,10.814,,0.0,,,,0.0,,,,0.0,,,Slip (Erucamide),0.15,Generic,slip,,0.0,,,,0.0,,,0.95435,68.5,9.6031,0.5319,28.166,1.0142,1218.4,8.073,93.7,60.66,-117.3,128.9,364.7,13.4,0.35,250.0,2.066,2915,2848,1.2,0.544,0.804,"3,257,109,484","Compounding: 34–44 L/D twin‑screw, melt 180–210 °C, vacuum venting; 60–80 mesh melt filter; residence ≤3 min. rHDPE handling: screen for PVC; dry if odor/moisture present (70–80 °C, 1–2 h). Injection molding: melt 190–220 °C; mold 20–40 °C; moderate pack/hold; expect 1.2–2.8% shrink (flow).",,,,May bloom; slippery surfaces.,,,Slip (Erucamide): May bloom; slippery surfaces.
rHDPE_0062,Generated,96.877,2.973,,0.0,,,,0.0,,,,0.0,,,Slip (Erucamide),0.15,Generic,slip,,0.0,,,,0.0,,,0.95309,69.1,9.0884,0.5347,27.428,1.0662,1465.2,8.073,92.8,61.74,-122.3,131.0,354.0,14.3,0.35,250.0,2.174,2915,2848,1.204,0.546,0.804,"2,993,486,586","Compounding: 34–44 L/D twin‑screw, melt 180–210 °C, vacuum venting; 60–80 mesh melt filter; residence ≤3 min. rHDPE handling: screen for PVC; dry if odor/moisture present (70–80 °C, 1–2 h). Injection molding: melt 190–220 °C; mold 20–40 °C; moderate pack/hold; expect 1.2–2.8% shrink (flow).",,,,May bloom; slippery surfaces.,,,Slip (Erucamide): May bloom; slippery surfaces.
rHDPE_0063,Generated,63.098,17.032,Talc,19.72,Imerys,mineral_filler,,0.0,,,,0.0,,,Slip (Erucamide),0.15,Generic,slip,,0.0,,,,0.0,,,0.95083,66.4,11.5929,0.5237,34.303,1.3431,1246.2,7.574,95.9,57.84,-123.8,130.1,365.4,11.3,0.2886,192.76,1.624,2915,2848,1.039,0.471,1.238,"101,419,878","Compounding: 34–44 L/D twin‑screw, melt 180–210 °C, vacuum venting; 60–80 mesh melt filter; residence ≤3 min. rHDPE handling: screen for PVC; dry if odor/moisture present (70–80 °C, 1–2 h). Injection molding: melt 190–220 °C; mold 20–40 °C; moderate pack/hold; expect 1.2–2.8% shrink (flow). Minerals/platelets: ensure dispersion; check die pressure; plate-like fillers improve barrier but reduce impact.",Mineral dust; PPE; choose low-impurity grades.,,,May bloom; slippery surfaces.,,,Talc: Mineral dust; PPE; choose low-impurity grades. | Slip (Erucamide): May bloom; slippery surfaces.
rHDPE_0064,Generated,87.273,12.396,,0.0,,,,0.0,,,,0.0,,,Slip (Erucamide),0.15,Generic,slip,Irganox 1076,0.119,BASF,primary_antioxidant,Irganox 1010,0.062,BASF,primary_antioxidant,0.95157,67.7,9.6177,0.5305,26.448,1.064,1443.0,8.073,96.9,59.29,-115.3,128.7,383.2,15.3,0.35,250.0,1.929,2915,2848,1.227,0.557,0.813,"3,322,906,283","Compounding: 34–44 L/D twin‑screw, melt 180–210 °C, vacuum venting; 60–80 mesh melt filter; residence ≤3 min. rHDPE handling: screen for PVC; dry if odor/moisture present (70–80 °C, 1–2 h). Injection molding: melt 190–220 °C; mold 20–40 °C; moderate pack/hold; expect 1.2–2.8% shrink (flow).",,,,May bloom; slippery surfaces.,Avoid dust inhalation; food-contact grades available.,Phenolic AO; low volatility; PPE for powders.,Slip (Erucamide): May bloom; slippery surfaces. | Irganox 1076: Avoid dust inhalation; food-contact grades available. | Irganox 1010: Phenolic AO; low volatility; PPE for powders.
rHDPE_0065,Generated,84.436,15.285,,0.0,,,,0.0,,,,0.0,,,Slip (Erucamide),0.15,Generic,slip,Irganox 1076,0.129,BASF,primary_antioxidant,,0.0,,,0.95198,67.0,9.3581,0.5302,25.841,1.0333,1506.3,8.073,97.3,58.1,-123.6,130.0,381.7,13.9,0.35,250.0,1.81,2915,2848,1.217,0.552,0.811,"3,434,553,982","Compounding: 34–44 L/D twin‑screw, melt 180–210 °C, vacuum venting; 60–80 mesh melt filter; residence ≤3 min. rHDPE handling: screen for PVC; dry if odor/moisture present (70–80 °C, 1–2 h). Injection molding: melt 190–220 °C; mold 20–40 °C; moderate pack/hold; expect 1.2–2.8% shrink (flow).",,,,May bloom; slippery surfaces.,Avoid dust inhalation; food-contact grades available.,,Slip (Erucamide): May bloom; slippery surfaces. | Irganox 1076: Avoid dust inhalation; food-contact grades available.
rHDPE_0066,Generated,94.659,5.126,,0.0,,,,0.0,,,,0.0,,,Slip (Erucamide),0.15,Generic,slip,Irgafos 168,0.065,BASF,secondary_antioxidant,,0.0,,,0.95476,68.9,9.8558,0.5317,27.897,1.0564,1608.7,8.073,99.7,61.28,-116.2,130.6,384.5,13.6,0.35,250.0,2.128,2915,2848,1.209,0.548,0.807,"3,063,628,392","Compounding: 34–44 L/D twin‑screw, melt 180–210 °C, vacuum venting; 60–80 mesh melt filter; residence ≤3 min. rHDPE handling: screen for PVC; dry if odor/moisture present (70–80 °C, 1–2 h). Injection molding: melt 190–220 °C; mold 20–40 °C; moderate pack/hold; expect 1.2–2.8% shrink (flow).",,,,May bloom; slippery surfaces.,Hydrolysis-sensitive; keep dry; PPE.,,Slip (Erucamide): May bloom; slippery surfaces. | Irgafos 168: Hydrolysis-sensitive; keep dry; PPE.
rHDPE_0067,Generated,84.319,15.392,,0.0,,,,0.0,,,,0.0,,,Slip (Erucamide),0.15,Generic,slip,Irganox 1076,0.139,BASF,primary_antioxidant,,0.0,,,0.95176,65.7,9.847,0.5262,26.844,1.0038,1372.2,8.073,93.8,55.74,-117.0,131.9,353.2,16.5,0.35,250.0,1.574,2915,2848,1.218,0.553,0.811,"3,439,319,726","Compounding: 34–44 L/D twin‑screw, melt 180–210 °C, vacuum venting; 60–80 mesh melt filter; residence ≤3 min. rHDPE handling: screen for PVC; dry if odor/moisture present (70–80 °C, 1–2 h). Injection molding: melt 190–220 °C; mold 20–40 °C; moderate pack/hold; expect 1.2–2.8% shrink (flow).",,,,May bloom; slippery surfaces.,Avoid dust inhalation; food-contact grades available.,,Slip (Erucamide): May bloom; slippery surfaces. | Irganox 1076: Avoid dust inhalation; food-contact grades available.
rHDPE_0068,Generated,89.685,1.436,Calcium Carbonate,5.47,Omya,mineral_filler,Talc,3.114,Imerys,mineral_filler,,0.0,,,Slip (Erucamide),0.15,Generic,slip,Irgafos 168,0.145,BASF,secondary_antioxidant,,0.0,,,0.95072,70.2,9.3135,0.5364,29.44,1.1688,1271.1,7.955,91.7,64.19,-122.5,129.8,365.5,16.1,0.3301,233.75,2.355,2915,2848,1.548,0.702,0.999,"365,630,713","Compounding: 34–44 L/D twin‑screw, melt 180–210 °C, vacuum venting; 60–80 mesh melt filter; residence ≤3 min. rHDPE handling: screen for PVC; dry if odor/moisture present (70–80 °C, 1–2 h). Injection molding: melt 190–220 °C; mold 20–40 °C; moderate pack/hold; expect 1.2–2.8% shrink (flow). Minerals/platelets: ensure dispersion; check die pressure; plate-like fillers improve barrier but reduce impact.",Dust; food-contact grades available.,Mineral dust; PPE; choose low-impurity grades.,,May bloom; slippery surfaces.,Hydrolysis-sensitive; keep dry; PPE.,,Calcium Carbonate: Dust; food-contact grades available. | Talc: Mineral dust; PPE; choose low-impurity grades. | Slip (Erucamide): May bloom; slippery surfaces. | Irgafos 168: Hydrolysis-sensitive; keep dry; PPE.
rHDPE_0069,Generated,89.889,9.901,,0.0,,,,0.0,,,,0.0,,,Slip (Erucamide),0.15,Generic,slip,Irgafos 168,0.06,BASF,secondary_antioxidant,,0.0,,,0.95315,67.2,9.3188,0.5305,26.933,1.0558,1351.2,8.073,90.8,58.35,-115.7,131.9,371.1,11.8,0.35,250.0,1.835,2915,2848,1.206,0.547,0.807,"3,226,201,204","Compounding: 34–44 L/D twin‑screw, melt 180–210 °C, vacuum venting; 60–80 mesh melt filter; residence ≤3 min. rHDPE handling: screen for PVC; dry if odor/moisture present (70–80 °C, 1–2 h). Injection molding: melt 190–220 °C; mold 20–40 °C; moderate pack/hold; expect 1.2–2.8% shrink (flow).",,,,May bloom; slippery surfaces.,Hydrolysis-sensitive; keep dry; PPE.,,Slip (Erucamide): May bloom; slippery surfaces. | Irgafos 168: Hydrolysis-sensitive; keep dry; PPE.
rHDPE_0070,Generated,67.768,22.962,Calcium Carbonate,9.12,Omya,mineral_filler,,0.0,,,,0.0,,,Slip (Erucamide),0.15,Generic,slip,,0.0,,,,0.0,,,0.95208,69.6,11.1756,0.5299,31.283,1.1694,1609.5,7.99,93.7,63.05,-118.1,130.1,372.7,14.2,0.3323,238.16,2.236,2915,2848,1.787,0.811,1.005,"219,298,246","Compounding: 34–44 L/D twin‑screw, melt 180–210 °C, vacuum venting; 60–80 mesh melt filter; residence ≤3 min. rHDPE handling: screen for PVC; dry if odor/moisture present (70–80 °C, 1–2 h). Injection molding: melt 190–220 °C; mold 20–40 °C; moderate pack/hold; expect 1.2–2.8% shrink (flow). Minerals/platelets: ensure dispersion; check die pressure; plate-like fillers improve barrier but reduce impact.",Dust; food-contact grades available.,,,May bloom; slippery surfaces.,,,Calcium Carbonate: Dust; food-contact grades available. | Slip (Erucamide): May bloom; slippery surfaces.
rHDPE_0071,Generated,93.386,6.309,,0.0,,,,0.0,,,,0.0,,,Slip (Erucamide),0.15,Generic,slip,Irganox 1076,0.084,BASF,primary_antioxidant,Irganox 1010,0.071,BASF,primary_antioxidant,0.95039,69.9,8.4046,0.5391,29.176,1.0771,1730.2,8.073,93.8,63.44,-123.8,129.3,376.8,11.7,0.35,250.0,2.344,2915,2848,1.227,0.556,0.812,"3,105,390,530","Compounding: 34–44 L/D twin‑screw, melt 180–210 °C, vacuum venting; 60–80 mesh melt filter; residence ≤3 min. rHDPE handling: screen for PVC; dry if odor/moisture present (70–80 °C, 1–2 h). Injection molding: melt 190–220 °C; mold 20–40 °C; moderate pack/hold; expect 1.2–2.8% shrink (flow).",,,,May bloom; slippery surfaces.,Avoid dust inhalation; food-contact grades available.,Phenolic AO; low volatility; PPE for powders.,Slip (Erucamide): May bloom; slippery surfaces. | Irganox 1076: Avoid dust inhalation; food-contact grades available. | Irganox 1010: Phenolic AO; low volatility; PPE for powders.
rHDPE_0072,Generated,71.428,28.317,,0.0,,,,0.0,,,,0.0,,,Slip (Erucamide),0.15,Generic,slip,Irganox 1076,0.105,BASF,primary_antioxidant,,0.0,,,0.9536,70.7,10.4424,0.5334,28.919,1.0752,1340.4,8.073,91.9,64.7,-122.6,131.9,377.5,19.5,0.35,250.0,2.47,2915,2848,1.207,0.547,0.81,"4,060,032,480","Compounding: 34–44 L/D twin‑screw, melt 180–210 °C, vacuum venting; 60–80 mesh melt filter; residence ≤3 min. rHDPE handling: screen for PVC; dry if odor/moisture present (70–80 °C, 1–2 h). Injection molding: melt 190–220 °C; mold 20–40 °C; moderate pack/hold; expect 1.2–2.8% shrink (flow).",,,,May bloom; slippery surfaces.,Avoid dust inhalation; food-contact grades available.,,Slip (Erucamide): May bloom; slippery surfaces. | Irganox 1076: Avoid dust inhalation; food-contact grades available.
rHDPE_0073,Generated,79.477,19.965,,0.0,,,,0.0,,,,0.0,,,Slip (Erucamide),0.15,Generic,slip,Irganox 1076,0.195,BASF,primary_antioxidant,Irgafos 168,0.213,BASF,secondary_antioxidant,0.95401,66.1,9.0,0.5297,29.371,1.0641,1532.7,8.073,97.6,56.38,-123.5,131.4,379.9,14.6,0.35,250.0,1.638,2915,2848,1.243,0.564,0.823,"3,648,854,386","Compounding: 34–44 L/D twin‑screw, melt 180–210 °C, vacuum venting; 60–80 mesh melt filter; residence ≤3 min. rHDPE handling: screen for PVC; dry if odor/moisture present (70–80 °C, 1–2 h). Injection molding: melt 190–220 °C; mold 20–40 °C; moderate pack/hold; expect 1.2–2.8% shrink (flow).",,,,May bloom; slippery surfaces.,Avoid dust inhalation; food-contact grades available.,Hydrolysis-sensitive; keep dry; PPE.,Slip (Erucamide): May bloom; slippery surfaces. | Irganox 1076: Avoid dust inhalation; food-contact grades available. | Irgafos 168: Hydrolysis-sensitive; keep dry; PPE.
rHDPE_0074,Generated,64.689,15.312,Talc,9.136,Imerys,mineral_filler,Calcium Carbonate,10.601,Omya,mineral_filler,,0.0,,,Slip (Erucamide),0.15,Generic,slip,Irganox 1010,0.112,BASF,primary_antioxidant,,0.0,,,0.95242,65.6,8.7558,0.5305,29.746,1.2577,1526.2,7.764,95.1,56.28,-121.6,128.6,351.7,19.7,0.301,209.28,1.468,2915,2848,1.833,0.831,1.244,"188,661,447","Compounding: 34–44 L/D twin‑screw, melt 180–210 °C, vacuum venting; 60–80 mesh melt filter; residence ≤3 min. rHDPE handling: screen for PVC; dry if odor/moisture present (70–80 °C, 1–2 h). Injection molding: melt 190–220 °C; mold 20–40 °C; moderate pack/hold; expect 1.2–2.8% shrink (flow). Minerals/platelets: ensure dispersion; check die pressure; plate-like fillers improve barrier but reduce impact.",Mineral dust; PPE; choose low-impurity grades.,Dust; food-contact grades available.,,May bloom; slippery surfaces.,Phenolic AO; low volatility; PPE for powders.,,Talc: Mineral dust; PPE; choose low-impurity grades. | Calcium Carbonate: Dust; food-contact grades available. | Slip (Erucamide): May bloom; slippery surfaces. | Irganox 1010: Phenolic AO; low volatility; PPE for powders.
rHDPE_0075,Generated,73.238,26.559,,0.0,,,,0.0,,,,0.0,,,Slip (Erucamide),0.15,Generic,slip,Irganox 1010,0.053,BASF,primary_antioxidant,,0.0,,,0.95108,66.1,11.7609,0.522,27.116,1.0609,1665.7,8.073,96.2,56.5,-122.0,128.5,358.4,16.6,0.35,250.0,1.65,2915,2848,1.201,0.545,0.807,"3,959,693,056","Compounding: 34–44 L/D twin‑screw, melt 180–210 °C, vacuum venting; 60–80 mesh melt filter; residence ≤3 min. rHDPE handling: screen for PVC; dry if odor/moisture present (70–80 °C, 1–2 h). Injection molding: melt 190–220 °C; mold 20–40 °C; moderate pack/hold; expect 1.2–2.8% shrink (flow).",,,,May bloom; slippery surfaces.,Phenolic AO; low volatility; PPE for powders.,,Slip (Erucamide): May bloom; slippery surfaces. | Irganox 1010: Phenolic AO; low volatility; PPE for powders.
rHDPE_0076,Generated,64.833,18.762,Calcium Carbonate,16.141,Omya,mineral_filler,,0.0,,,,0.0,,,Slip (Erucamide),0.15,Generic,slip,Irganox 1076,0.114,BASF,primary_antioxidant,,0.0,,,0.95157,67.4,10.5216,0.5279,33.936,1.1886,1193.2,7.918,94.0,59.39,-119.7,130.0,384.9,16.0,0.3176,228.25,1.812,2915,2848,2.262,1.026,1.165,"123,908,060","Compounding: 34–44 L/D twin‑screw, melt 180–210 °C, vacuum venting; 60–80 mesh melt filter; residence ≤3 min. rHDPE handling: screen for PVC; dry if odor/moisture present (70–80 °C, 1–2 h). Injection molding: melt 190–220 °C; mold 20–40 °C; moderate pack/hold; expect 1.2–2.8% shrink (flow). Minerals/platelets: ensure dispersion; check die pressure; plate-like fillers improve barrier but reduce impact.",Dust; food-contact grades available.,,,May bloom; slippery surfaces.,Avoid dust inhalation; food-contact grades available.,,Calcium Carbonate: Dust; food-contact grades available. | Slip (Erucamide): May bloom; slippery surfaces. | Irganox 1076: Avoid dust inhalation; food-contact grades available.
rHDPE_0077,Generated,45.333,22.248,Calcium Carbonate,18.858,Omya,mineral_filler,Talc,13.309,Imerys,mineral_filler,,0.0,,,Slip (Erucamide),0.15,Generic,slip,Irganox 1010,0.102,BASF,primary_antioxidant,,0.0,,,0.95474,69.2,9.062,0.5363,35.523,1.378,1515.0,7.575,96.9,63.19,-121.7,131.2,366.9,17.4,0.2694,185.4,2.032,2915,2848,2.331,1.057,1.517,"106,055,785","Compounding: 34–44 L/D twin‑screw, melt 180–210 °C, vacuum venting; 60–80 mesh melt filter; residence ≤3 min. rHDPE handling: screen for PVC; dry if odor/moisture present (70–80 °C, 1–2 h). Injection molding: melt 190–220 °C; mold 20–40 °C; moderate pack/hold; expect 1.2–2.8% shrink (flow). Minerals/platelets: ensure dispersion; check die pressure; plate-like fillers improve barrier but reduce impact.",Dust; food-contact grades available.,Mineral dust; PPE; choose low-impurity grades.,,May bloom; slippery surfaces.,Phenolic AO; low volatility; PPE for powders.,,Calcium Carbonate: Dust; food-contact grades available. | Talc: Mineral dust; PPE; choose low-impurity grades. | Slip (Erucamide): May bloom; slippery surfaces. | Irganox 1010: Phenolic AO; low volatility; PPE for powders.
rHDPE_0078,Generated,83.831,16.019,,0.0,,,,0.0,,,,0.0,,,Slip (Erucamide),0.15,Generic,slip,,0.0,,,,0.0,,,0.951,65.5,11.7335,0.521,29.946,1.0515,1525.8,8.073,97.8,55.42,-121.8,131.0,356.7,13.6,0.35,250.0,1.542,2915,2848,1.198,0.543,0.804,"3,459,340,817","Compounding: 34–44 L/D twin‑screw, melt 180–210 °C, vacuum venting; 60–80 mesh melt filter; residence ≤3 min. rHDPE handling: screen for PVC; dry if odor/moisture present (70–80 °C, 1–2 h). Injection molding: melt 190–220 °C; mold 20–40 °C; moderate pack/hold; expect 1.2–2.8% shrink (flow).",,,,May bloom; slippery surfaces.,,,Slip (Erucamide): May bloom; slippery surfaces.
rHDPE_0079,Generated,88.072,11.617,,0.0,,,,0.0,,,,0.0,,,Slip (Erucamide),0.15,Generic,slip,Irganox 1076,0.161,BASF,primary_antioxidant,,0.0,,,0.95447,67.5,11.8949,0.5241,27.488,1.0496,1754.6,8.073,96.0,58.87,-119.8,131.2,375.5,11.2,0.35,250.0,1.887,2915,2848,1.223,0.555,0.812,"3,292,760,469","Compounding: 34–44 L/D twin‑screw, melt 180–210 °C, vacuum venting; 60–80 mesh melt filter; residence ≤3 min. rHDPE handling: screen for PVC; dry if odor/moisture present (70–80 °C, 1–2 h). Injection molding: melt 190–220 °C; mold 20–40 °C; moderate pack/hold; expect 1.2–2.8% shrink (flow).",,,,May bloom; slippery surfaces.,Avoid dust inhalation; food-contact grades available.,,Slip (Erucamide): May bloom; slippery surfaces. | Irganox 1076: Avoid dust inhalation; food-contact grades available.
rHDPE_0080,Generated,88.567,2.802,Talc,8.328,Imerys,mineral_filler,,0.0,,,,0.0,,,Slip (Erucamide),0.15,Generic,slip,Irganox 1010,0.153,BASF,primary_antioxidant,,0.0,,,0.95044,70.1,9.3516,0.5361,28.333,1.2056,1723.5,7.879,98.3,64.04,-115.5,128.3,372.5,14.2,0.3245,225.29,2.342,2915,2848,1.163,0.528,0.995,"240,153,698","Compounding: 34–44 L/D twin‑screw, melt 180–210 °C, vacuum venting; 60–80 mesh melt filter; residence ≤3 min. rHDPE handling: screen for PVC; dry if odor/moisture present (70–80 °C, 1–2 h). Injection molding: melt 190–220 °C; mold 20–40 °C; moderate pack/hold; expect 1.2–2.8% shrink (flow). Minerals/platelets: ensure dispersion; check die pressure; plate-like fillers improve barrier but reduce impact.",Mineral dust; PPE; choose low-impurity grades.,,,May bloom; slippery surfaces.,Phenolic AO; low volatility; PPE for powders.,,Talc: Mineral dust; PPE; choose low-impurity grades. | Slip (Erucamide): May bloom; slippery surfaces. | Irganox 1010: Phenolic AO; low volatility; PPE for powders.
rHDPE_0081,Generated,66.447,33.348,,0.0,,,,0.0,,,,0.0,,,Slip (Erucamide),0.15,Generic,slip,Irganox 1076,0.055,BASF,primary_antioxidant,,0.0,,,0.95034,69.5,9.4653,0.5345,27.836,1.0383,1563.1,8.073,95.7,62.79,-118.2,131.8,363.0,17.9,0.35,250.0,2.279,2915,2848,1.197,0.543,0.807,"4,364,380,634","Compounding: 34–44 L/D twin‑screw, melt 180–210 °C, vacuum venting; 60–80 mesh melt filter; residence ≤3 min. rHDPE handling: screen for PVC; dry if odor/moisture present (70–80 °C, 1–2 h). Injection molding: melt 190–220 °C; mold 20–40 °C; moderate pack/hold; expect 1.2–2.8% shrink (flow).",,,,May bloom; slippery surfaces.,Avoid dust inhalation; food-contact grades available.,,Slip (Erucamide): May bloom; slippery surfaces. | Irganox 1076: Avoid dust inhalation; food-contact grades available.
rHDPE_0082,Generated,90.853,8.736,,0.0,,,,0.0,,,,0.0,,,Slip (Erucamide),0.15,Generic,slip,Irganox 1076,0.187,BASF,primary_antioxidant,Irgafos 168,0.074,BASF,secondary_antioxidant,0.95387,69.3,8.8583,0.5359,28.47,1.0612,1799.2,8.073,97.1,62.04,-122.1,128.5,352.6,12.6,0.35,250.0,2.204,2915,2848,1.235,0.56,0.817,"3,191,969,445","Compounding: 34–44 L/D twin‑screw, melt 180–210 °C, vacuum venting; 60–80 mesh melt filter; residence ≤3 min. rHDPE handling: screen for PVC; dry if odor/moisture present (70–80 °C, 1–2 h). Injection molding: melt 190–220 °C; mold 20–40 °C; moderate pack/hold; expect 1.2–2.8% shrink (flow).",,,,May bloom; slippery surfaces.,Avoid dust inhalation; food-contact grades available.,Hydrolysis-sensitive; keep dry; PPE.,Slip (Erucamide): May bloom; slippery surfaces. | Irganox 1076: Avoid dust inhalation; food-contact grades available. | Irgafos 168: Hydrolysis-sensitive; keep dry; PPE.
rHDPE_0083,Generated,32.935,28.368,Talc,14.813,Imerys,mineral_filler,Calcium Carbonate,23.328,Omya,mineral_filler,,0.0,,,Slip (Erucamide),0.15,Generic,slip,Irgafos 168,0.228,BASF,secondary_antioxidant,Irganox 1076,0.178,BASF,primary_antioxidant,0.95428,69.4,9.6757,0.5349,34.828,1.4688,1127.3,7.486,98.7,63.94,-117.1,128.2,370.2,15.6,0.2537,174.1,2.036,2915,2848,2.635,1.195,1.662,"85,733,882","Compounding: 34–44 L/D twin‑screw, melt 180–210 °C, vacuum venting; 60–80 mesh melt filter; residence ≤3 min. rHDPE handling: screen for PVC; dry if odor/moisture present (70–80 °C, 1–2 h). Injection molding: melt 190–220 °C; mold 20–40 °C; moderate pack/hold; expect 1.2–2.8% shrink (flow). Minerals/platelets: ensure dispersion; check die pressure; plate-like fillers improve barrier but reduce impact.",Mineral dust; PPE; choose low-impurity grades.,Dust; food-contact grades available.,,May bloom; slippery surfaces.,Hydrolysis-sensitive; keep dry; PPE.,Avoid dust inhalation; food-contact grades available.,Talc: Mineral dust; PPE; choose low-impurity grades. | Calcium Carbonate: Dust; food-contact grades available. | Slip (Erucamide): May bloom; slippery surfaces. | Irgafos 168: Hydrolysis-sensitive; keep dry; PPE. | Irganox 1076: Avoid dust inhalation; food-contact grades available.
rHDPE_0084,Generated,72.803,10.825,Talc,3.335,Imerys,mineral_filler,Calcium Carbonate,12.714,Omya,mineral_filler,,0.0,,,Slip (Erucamide),0.15,Generic,slip,Irgafos 168,0.075,BASF,secondary_antioxidant,Irganox 1010,0.098,BASF,primary_antioxidant,0.95296,65.9,11.1729,0.5234,31.653,1.2392,1589.4,7.88,95.4,56.57,-123.7,130.0,380.7,19.3,0.3146,223.3,1.53,2915,2848,2.023,0.918,1.165,"157,306,906","Compounding: 34–44 L/D twin‑screw, melt 180–210 °C, vacuum venting; 60–80 mesh melt filter; residence ≤3 min. rHDPE handling: screen for PVC; dry if odor/moisture present (70–80 °C, 1–2 h). Injection molding: melt 190–220 °C; mold 20–40 °C; moderate pack/hold; expect 1.2–2.8% shrink (flow). Minerals/platelets: ensure dispersion; check die pressure; plate-like fillers improve barrier but reduce impact.",Mineral dust; PPE; choose low-impurity grades.,Dust; food-contact grades available.,,May bloom; slippery surfaces.,Hydrolysis-sensitive; keep dry; PPE.,Phenolic AO; low volatility; PPE for powders.,Talc: Mineral dust; PPE; choose low-impurity grades. | Calcium Carbonate: Dust; food-contact grades available. | Slip (Erucamide): May bloom; slippery surfaces. | Irgafos 168: Hydrolysis-sensitive; keep dry; PPE. | Irganox 1010: Phenolic AO; low volatility; PPE for powders.
rHDPE_0085,Generated,66.576,5.669,Talc,19.214,Imerys,mineral_filler,Calcium Carbonate,8.312,Omya,mineral_filler,,0.0,,,Slip (Erucamide),0.15,Generic,slip,Irganox 1076,0.079,BASF,primary_antioxidant,,0.0,,,0.95391,68.7,8.1754,0.5388,34.923,1.4122,1382.7,7.518,99.9,62.08,-123.0,130.6,382.1,13.6,0.2735,183.66,1.972,2915,2848,1.601,0.726,1.414,"104,090,767","Compounding: 34–44 L/D twin‑screw, melt 180–210 °C, vacuum venting; 60–80 mesh melt filter; residence ≤3 min. rHDPE handling: screen for PVC; dry if odor/moisture present (70–80 °C, 1–2 h). Injection molding: melt 190–220 °C; mold 20–40 °C; moderate pack/hold; expect 1.2–2.8% shrink (flow). Minerals/platelets: ensure dispersion; check die pressure; plate-like fillers improve barrier but reduce impact.",Mineral dust; PPE; choose low-impurity grades.,Dust; food-contact grades available.,,May bloom; slippery surfaces.,Avoid dust inhalation; food-contact grades available.,,Talc: Mineral dust; PPE; choose low-impurity grades. | Calcium Carbonate: Dust; food-contact grades available. | Slip (Erucamide): May bloom; slippery surfaces. | Irganox 1076: Avoid dust inhalation; food-contact grades available.
rHDPE_0086,Generated,49.821,33.199,Calcium Carbonate,16.697,Omya,mineral_filler,,0.0,,,,0.0,,,Slip (Erucamide),0.15,Generic,slip,Irgafos 168,0.133,BASF,secondary_antioxidant,,0.0,,,0.95287,68.6,9.0374,0.5347,31.287,1.2988,1616.0,7.913,94.5,61.52,-118.2,129.2,352.8,11.2,0.3164,227.43,2.019,2915,2848,2.286,1.037,1.177,"119,781,997","Compounding: 34–44 L/D twin‑screw, melt 180–210 °C, vacuum venting; 60–80 mesh melt filter; residence ≤3 min. rHDPE handling: screen for PVC; dry if odor/moisture present (70–80 °C, 1–2 h). Injection molding: melt 190–220 °C; mold 20–40 °C; moderate pack/hold; expect 1.2–2.8% shrink (flow). Minerals/platelets: ensure dispersion; check die pressure; plate-like fillers improve barrier but reduce impact.",Dust; food-contact grades available.,,,May bloom; slippery surfaces.,Hydrolysis-sensitive; keep dry; PPE.,,Calcium Carbonate: Dust; food-contact grades available. | Slip (Erucamide): May bloom; slippery surfaces. | Irgafos 168: Hydrolysis-sensitive; keep dry; PPE.
rHDPE_0087,Generated,84.244,7.141,Talc,8.217,Imerys,mineral_filler,,0.0,,,,0.0,,,Slip (Erucamide),0.15,Generic,slip,Irgafos 168,0.248,BASF,secondary_antioxidant,,0.0,,,0.95221,69.5,9.9982,0.5329,28.129,1.1064,1228.2,7.881,98.9,62.94,-118.4,128.6,352.0,21.4,0.3248,225.61,2.233,2915,2848,1.158,0.525,0.995,"243,397,834","Compounding: 34–44 L/D twin‑screw, melt 180–210 °C, vacuum venting; 60–80 mesh melt filter; residence ≤3 min. rHDPE handling: screen for PVC; dry if odor/moisture present (70–80 °C, 1–2 h). Injection molding: melt 190–220 °C; mold 20–40 °C; moderate pack/hold; expect 1.2–2.8% shrink (flow). Minerals/platelets: ensure dispersion; check die pressure; plate-like fillers improve barrier but reduce impact.",Mineral dust; PPE; choose low-impurity grades.,,,May bloom; slippery surfaces.,Hydrolysis-sensitive; keep dry; PPE.,,Talc: Mineral dust; PPE; choose low-impurity grades. | Slip (Erucamide): May bloom; slippery surfaces. | Irgafos 168: Hydrolysis-sensitive; keep dry; PPE.
rHDPE_0088,Generated,49.594,28.472,Calcium Carbonate,2.533,Omya,mineral_filler,Talc,19.014,Imerys,mineral_filler,,0.0,,,Slip (Erucamide),0.15,Generic,slip,Irganox 1076,0.125,BASF,primary_antioxidant,Irgafos 168,0.112,BASF,secondary_antioxidant,0.95315,70.7,8.7037,0.54,30.345,1.3073,1356.3,7.573,99.1,65.57,-116.2,130.7,366.9,16.5,0.2859,191.64,2.379,2915,2848,1.232,0.559,1.289,"105,185,653","Compounding: 34–44 L/D twin‑screw, melt 180–210 °C, vacuum venting; 60–80 mesh melt filter; residence ≤3 min. rHDPE handling: screen for PVC; dry if odor/moisture present (70–80 °C, 1–2 h). Injection molding: melt 190–220 °C; mold 20–40 °C; moderate pack/hold; expect 1.2–2.8% shrink (flow). Minerals/platelets: ensure dispersion; check die pressure; plate-like fillers improve barrier but reduce impact.",Dust; food-contact grades available.,Mineral dust; PPE; choose low-impurity grades.,,May bloom; slippery surfaces.,Avoid dust inhalation; food-contact grades available.,Hydrolysis-sensitive; keep dry; PPE.,Calcium Carbonate: Dust; food-contact grades available. | Talc: Mineral dust; PPE; choose low-impurity grades. | Slip (Erucamide): May bloom; slippery surfaces. | Irganox 1076: Avoid dust inhalation; food-contact grades available. | Irgafos 168: Hydrolysis-sensitive; keep dry; PPE.
rHDPE_0089,Generated,60.247,30.886,Talc,8.525,Imerys,mineral_filler,,0.0,,,,0.0,,,Slip (Erucamide),0.15,Generic,slip,Irganox 1010,0.058,BASF,primary_antioxidant,Irganox 1076,0.134,BASF,primary_antioxidant,0.95167,67.5,9.7389,0.53,31.344,1.159,1515.8,7.874,100.0,59.19,-118.9,128.6,353.5,14.4,0.3239,224.72,1.855,2915,2848,1.151,0.522,1.002,"234,604,106","Compounding: 34–44 L/D twin‑screw, melt 180–210 °C, vacuum venting; 60–80 mesh melt filter; residence ≤3 min. rHDPE handling: screen for PVC; dry if odor/moisture present (70–80 °C, 1–2 h). Injection molding: melt 190–220 °C; mold 20–40 °C; moderate pack/hold; expect 1.2–2.8% shrink (flow). Minerals/platelets: ensure dispersion; check die pressure; plate-like fillers improve barrier but reduce impact.",Mineral dust; PPE; choose low-impurity grades.,,,May bloom; slippery surfaces.,Phenolic AO; low volatility; PPE for powders.,Avoid dust inhalation; food-contact grades available.,Talc: Mineral dust; PPE; choose low-impurity grades. | Slip (Erucamide): May bloom; slippery surfaces. | Irganox 1010: Phenolic AO; low volatility; PPE for powders. | Irganox 1076: Avoid dust inhalation; food-contact grades available.
rHDPE_0090,Generated,78.764,21.086,,0.0,,,,0.0,,,,0.0,,,Slip (Erucamide),0.15,Generic,slip,,0.0,,,,0.0,,,0.95019,69.2,11.2159,0.5289,25.745,1.0519,1735.9,8.073,96.2,62.14,-123.2,131.7,361.1,13.9,0.35,250.0,2.214,2915,2848,1.195,0.542,0.804,"3,681,885,125","Compounding: 34–44 L/D twin‑screw, melt 180–210 °C, vacuum venting; 60–80 mesh melt filter; residence ≤3 min. rHDPE handling: screen for PVC; dry if odor/moisture present (70–80 °C, 1–2 h). Injection molding: melt 190–220 °C; mold 20–40 °C; moderate pack/hold; expect 1.2–2.8% shrink (flow).",,,,May bloom; slippery surfaces.,,,Slip (Erucamide): May bloom; slippery surfaces.
rHDPE_0091,Generated,68.359,20.78,Talc,10.548,Imerys,mineral_filler,,0.0,,,,0.0,,,Slip (Erucamide),0.15,Generic,slip,Irgafos 168,0.163,BASF,secondary_antioxidant,,0.0,,,0.95036,67.1,8.3708,0.5346,29.072,1.1705,1658.6,7.823,96.9,58.72,-116.3,130.6,371.1,13.5,0.3176,218.84,1.792,2915,2848,1.125,0.51,1.043,"189,609,405","Compounding: 34–44 L/D twin‑screw, melt 180–210 °C, vacuum venting; 60–80 mesh melt filter; residence ≤3 min. rHDPE handling: screen for PVC; dry if odor/moisture present (70–80 °C, 1–2 h). Injection molding: melt 190–220 °C; mold 20–40 °C; moderate pack/hold; expect 1.2–2.8% shrink (flow). Minerals/platelets: ensure dispersion; check die pressure; plate-like fillers improve barrier but reduce impact.",Mineral dust; PPE; choose low-impurity grades.,,,May bloom; slippery surfaces.,Hydrolysis-sensitive; keep dry; PPE.,,Talc: Mineral dust; PPE; choose low-impurity grades. | Slip (Erucamide): May bloom; slippery surfaces. | Irgafos 168: Hydrolysis-sensitive; keep dry; PPE.
rHDPE_0092,Generated,97.879,1.797,,0.0,,,,0.0,,,,0.0,,,Slip (Erucamide),0.15,Generic,slip,Irgafos 168,0.174,BASF,secondary_antioxidant,,0.0,,,0.95421,66.2,10.7229,0.5245,29.741,1.0032,1265.9,8.073,94.1,56.48,-124.8,129.3,355.3,18.1,0.35,250.0,1.648,2915,2848,1.22,0.553,0.811,"2,962,841,876","Compounding: 34–44 L/D twin‑screw, melt 180–210 °C, vacuum venting; 60–80 mesh melt filter; residence ≤3 min. rHDPE handling: screen for PVC; dry if odor/moisture present (70–80 °C, 1–2 h). Injection molding: melt 190–220 °C; mold 20–40 °C; moderate pack/hold; expect 1.2–2.8% shrink (flow).",,,,May bloom; slippery surfaces.,Hydrolysis-sensitive; keep dry; PPE.,,Slip (Erucamide): May bloom; slippery surfaces. | Irgafos 168: Hydrolysis-sensitive; keep dry; PPE.
rHDPE_0093,Generated,42.387,32.218,Calcium Carbonate,24.957,Omya,mineral_filler,,0.0,,,,0.0,,,Slip (Erucamide),0.15,Generic,slip,Irgafos 168,0.154,BASF,secondary_antioxidant,Irganox 1010,0.134,BASF,primary_antioxidant,0.95299,67.1,11.5778,0.5251,33.853,1.3542,1431.3,7.818,92.9,59.14,-117.5,131.5,374.3,19.8,0.2975,214.65,1.703,2915,2848,2.848,1.292,1.367,"80,137,837","Compounding: 34–44 L/D twin‑screw, melt 180–210 °C, vacuum venting; 60–80 mesh melt filter; residence ≤3 min. rHDPE handling: screen for PVC; dry if odor/moisture present (70–80 °C, 1–2 h). Injection molding: melt 190–220 °C; mold 20–40 °C; moderate pack/hold; expect 1.2–2.8% shrink (flow). Minerals/platelets: ensure dispersion; check die pressure; plate-like fillers improve barrier but reduce impact.",Dust; food-contact grades available.,,,May bloom; slippery surfaces.,Hydrolysis-sensitive; keep dry; PPE.,Phenolic AO; low volatility; PPE for powders.,Calcium Carbonate: Dust; food-contact grades available. | Slip (Erucamide): May bloom; slippery surfaces. | Irgafos 168: Hydrolysis-sensitive; keep dry; PPE. | Irganox 1010: Phenolic AO; low volatility; PPE for powders.
rHDPE_0094,Generated,50.087,10.447,Talc,18.807,Imerys,mineral_filler,Calcium Carbonate,20.294,Omya,mineral_filler,,0.0,,,Slip (Erucamide),0.15,Generic,slip,Irgafos 168,0.113,BASF,secondary_antioxidant,Irganox 1076,0.102,BASF,primary_antioxidant,0.9525,65.6,10.3102,0.5263,40.0,1.5213,1466.0,7.412,97.9,57.24,-115.5,131.3,360.9,13.8,0.2478,167.53,1.354,2915,2848,2.394,1.086,1.674,"98,551,296","Compounding: 34–44 L/D twin‑screw, melt 180–210 °C, vacuum venting; 60–80 mesh melt filter; residence ≤3 min. rHDPE handling: screen for PVC; dry if odor/moisture present (70–80 °C, 1–2 h). Injection molding: melt 190–220 °C; mold 20–40 °C; moderate pack/hold; expect 1.2–2.8% shrink (flow). Minerals/platelets: ensure dispersion; check die pressure; plate-like fillers improve barrier but reduce impact.",Mineral dust; PPE; choose low-impurity grades.,Dust; food-contact grades available.,,May bloom; slippery surfaces.,Hydrolysis-sensitive; keep dry; PPE.,Avoid dust inhalation; food-contact grades available.,Talc: Mineral dust; PPE; choose low-impurity grades. | Calcium Carbonate: Dust; food-contact grades available. | Slip (Erucamide): May bloom; slippery surfaces. | Irgafos 168: Hydrolysis-sensitive; keep dry; PPE. | Irganox 1076: Avoid dust inhalation; food-contact grades available.
rHDPE_0095,Generated,84.193,15.483,,0.0,,,,0.0,,,,0.0,,,Slip (Erucamide),0.15,Generic,slip,Irganox 1010,0.174,BASF,primary_antioxidant,,0.0,,,0.95136,68.4,9.0865,0.5336,28.704,1.0109,1343.6,8.073,91.0,60.62,-124.5,131.6,357.9,12.9,0.35,250.0,2.062,2915,2848,1.227,0.557,0.813,"3,444,466,880","Compounding: 34–44 L/D twin‑screw, melt 180–210 °C, vacuum venting; 60–80 mesh melt filter; residence ≤3 min. rHDPE handling: screen for PVC; dry if odor/moisture present (70–80 °C, 1–2 h). Injection molding: melt 190–220 °C; mold 20–40 °C; moderate pack/hold; expect 1.2–2.8% shrink (flow).",,,,May bloom; slippery surfaces.,Phenolic AO; low volatility; PPE for powders.,,Slip (Erucamide): May bloom; slippery surfaces. | Irganox 1010: Phenolic AO; low volatility; PPE for powders.
rHDPE_0096,Generated,62.863,4.811,Calcium Carbonate,24.17,Omya,mineral_filler,Talc,7.781,Imerys,mineral_filler,,0.0,,,Slip (Erucamide),0.15,Generic,slip,Irgafos 168,0.145,BASF,secondary_antioxidant,Irganox 1076,0.08,BASF,primary_antioxidant,0.95408,70.1,8.1198,0.5417,35.477,1.452,1483.0,7.652,92.2,64.79,-115.4,131.7,356.8,20.3,0.2747,193.07,2.194,2915,2848,2.736,1.241,1.517,"82,747,207","Compounding: 34–44 L/D twin‑screw, melt 180–210 °C, vacuum venting; 60–80 mesh melt filter; residence ≤3 min. rHDPE handling: screen for PVC; dry if odor/moisture present (70–80 °C, 1–2 h). Injection molding: melt 190–220 °C; mold 20–40 °C; moderate pack/hold; expect 1.2–2.8% shrink (flow). Minerals/platelets: ensure dispersion; check die pressure; plate-like fillers improve barrier but reduce impact.",Dust; food-contact grades available.,Mineral dust; PPE; choose low-impurity grades.,,May bloom; slippery surfaces.,Hydrolysis-sensitive; keep dry; PPE.,Avoid dust inhalation; food-contact grades available.,Calcium Carbonate: Dust; food-contact grades available. | Talc: Mineral dust; PPE; choose low-impurity grades. | Slip (Erucamide): May bloom; slippery surfaces. | Irgafos 168: Hydrolysis-sensitive; keep dry; PPE. | Irganox 1076: Avoid dust inhalation; food-contact grades available.
rHDPE_0097,Generated,64.707,34.901,,0.0,,,,0.0,,,,0.0,,,Slip (Erucamide),0.15,Generic,slip,Irgafos 168,0.242,BASF,secondary_antioxidant,,0.0,,,0.95463,70.2,8.0371,0.5411,25.537,1.0568,1789.8,8.073,99.4,63.77,-122.2,132.0,369.1,16.4,0.35,250.0,2.377,2915,2848,1.21,0.549,0.814,"4,481,740,770","Compounding: 34–44 L/D twin‑screw, melt 180–210 °C, vacuum venting; 60–80 mesh melt filter; residence ≤3 min. rHDPE handling: screen for PVC; dry if odor/moisture present (70–80 °C, 1–2 h). Injection molding: melt 190–220 °C; mold 20–40 °C; moderate pack/hold; expect 1.2–2.8% shrink (flow).",,,,May bloom; slippery surfaces.,Hydrolysis-sensitive; keep dry; PPE.,,Slip (Erucamide): May bloom; slippery surfaces. | Irgafos 168: Hydrolysis-sensitive; keep dry; PPE.
rHDPE_0098,Generated,95.749,3.943,,0.0,,,,0.0,,,,0.0,,,Slip (Erucamide),0.15,Generic,slip,Irganox 1076,0.158,BASF,primary_antioxidant,,0.0,,,0.95007,67.1,9.1801,0.5311,25.966,1.0674,1566.6,8.073,94.0,58.37,-118.5,129.6,365.0,13.8,0.35,250.0,1.837,2915,2848,1.227,0.556,0.812,"3,028,752,259","Compounding: 34–44 L/D twin‑screw, melt 180–210 °C, vacuum venting; 60–80 mesh melt filter; residence ≤3 min. rHDPE handling: screen for PVC; dry if odor/moisture present (70–80 °C, 1–2 h). Injection molding: melt 190–220 °C; mold 20–40 °C; moderate pack/hold; expect 1.2–2.8% shrink (flow).",,,,May bloom; slippery surfaces.,Avoid dust inhalation; food-contact grades available.,,Slip (Erucamide): May bloom; slippery surfaces. | Irganox 1076: Avoid dust inhalation; food-contact grades available.
rHDPE_0099,Generated,65.266,34.359,,0.0,,,,0.0,,,,0.0,,,Slip (Erucamide),0.15,Generic,slip,Irganox 1010,0.108,BASF,primary_antioxidant,Irganox 1076,0.117,BASF,primary_antioxidant,0.95133,67.1,10.3298,0.5273,26.308,1.0573,1415.7,8.073,96.9,58.3,-121.3,130.7,366.3,12.2,0.35,250.0,1.83,2915,2848,1.223,0.555,0.816,"4,443,354,886","Compounding: 34–44 L/D twin‑screw, melt 180–210 °C, vacuum venting; 60–80 mesh melt filter; residence ≤3 min. rHDPE handling: screen for PVC; dry if odor/moisture present (70–80 °C, 1–2 h). Injection molding: melt 190–220 °C; mold 20–40 °C; moderate pack/hold; expect 1.2–2.8% shrink (flow).",,,,May bloom; slippery surfaces.,Phenolic AO; low volatility; PPE for powders.,Avoid dust inhalation; food-contact grades available.,Slip (Erucamide): May bloom; slippery surfaces. | Irganox 1010: Phenolic AO; low volatility; PPE for powders. | Irganox 1076: Avoid dust inhalation; food-contact grades available.
rHDPE_0100,Generated,70.769,24.16,Talc,4.757,Imerys,mineral_filler,,0.0,,,,0.0,,,Slip (Erucamide),0.15,Generic,slip,Irgafos 168,0.094,BASF,secondary_antioxidant,Irganox 1010,0.07,BASF,primary_antioxidant,0.95386,68.7,9.6298,0.5324,28.488,1.1115,1491.9,7.965,98.9,61.24,-118.4,128.9,358.8,18.5,0.3355,235.79,2.089,2915,2848,1.175,0.533,0.916,"420,433,046","Compounding: 34–44 L/D twin‑screw, melt 180–210 °C, vacuum venting; 60–80 mesh melt filter; residence ≤3 min. rHDPE handling: screen for PVC; dry if odor/moisture present (70–80 °C, 1–2 h). Injection molding: melt 190–220 °C; mold 20–40 °C; moderate pack/hold; expect 1.2–2.8% shrink (flow). Minerals/platelets: ensure dispersion; check die pressure; plate-like fillers improve barrier but reduce impact.",Mineral dust; PPE; choose low-impurity grades.,,,May bloom; slippery surfaces.,Hydrolysis-sensitive; keep dry; PPE.,Phenolic AO; low volatility; PPE for powders.,Talc: Mineral dust; PPE; choose low-impurity grades. | Slip (Erucamide): May bloom; slippery surfaces. | Irgafos 168: Hydrolysis-sensitive; keep dry; PPE. | Irganox 1010: Phenolic AO; low volatility; PPE for powders.
